community_area,year,total_reqs,avg_resol_time,median_resol_time,perc_resol_less_than_1,perc_resol_1_min_1_hr,perc_resol_1_hr_12_hr,perc_resol_12_24_hr,perc_resol_1_3_day,perc_resol_3_7_day,perc_resol_7_14_day,perc_resol_14_30_day,perc_resol_1_3_month,perc_resol_3_12_month,perc_resol_1_year_plus,perc_resol_unresolved
1,2019,8177,77738.3996343768,7958.783333333333,0.09673474379356732,0.05124128653540418,0.05246422893481717,0.07325424972483796,0.1489543842485019,0.10590681178916474,0.06310382780971016,0.0999143940320411,0.13525742937507643,0.12730830377889202,0.03815580286168521,0.007704537116301822
1,2020,9559,43252.04650947758,2950.0333333333333,0.1756459880740663,0.052306726645046556,0.06287268542734596,0.10994873940788785,0.12564075740140182,0.08515535097813579,0.09519824249398473,0.09321058688147296,0.09279213306831259,0.07103253478397321,0.016738152526414897,0.01945810231195732
1,2021,8319,24351.450349559815,3044.8583333333336,0.08943382618103138,0.05421324678446929,0.08294266137756942,0.13066474335857675,0.14605120807789398,0.09628561125135232,0.0721240533717995,0.10998918139199423,0.1090275273470369,0.03618223344151941,0.0015626878230556556,0.07152301959370116
10,2019,12100,95770.91824070964,19770.625,0.014462809917355372,0.04851239669421488,0.050826446280991734,0.0587603305785124,0.12247933884297521,0.1212396694214876,0.08074380165289256,0.10917355371900826,0.15024793388429752,0.19619834710743803,0.031818181818181815,0.015537190082644628
10,2020,11275,74844.78257757665,11165.833333333332,0.020044345898004436,0.07716186252771619,0.072549889135255,0.07139689578713969,0.11414634146341464,0.10891352549889136,0.11760532150776053,0.0975609756097561,0.13507760532150775,0.1093569844789357,0.036541019955654105,0.03964523281596452
10,2021,10719,35006.59576612903,7584.633333333333,0.013247504431383525,0.062319246198339395,0.07370090493516186,0.07855210374102062,0.1351805205709488,0.11792144789625898,0.10234163634667413,0.09795689896445564,0.1216531392853811,0.07584662748390708,0.00046646142364026495,0.12081350872282862
11,2019,8457,89625.00176122505,15468.516666666666,0.015253636041149344,0.054984036892515076,0.04398722951401206,0.0659808442710181,0.13610027196405344,0.12876906704505145,0.08229868747782902,0.09045760908123449,0.16294194158685113,0.1703913917464822,0.03464585550431595,0.014189428875487761
11,2020,8569,65670.98174334141,10922.725,0.021589450344264207,0.07643832419185435,0.06290115532734275,0.06966973975959856,0.13502158945034426,0.10783055198973042,0.14832535885167464,0.10351266192087759,0.11413233749562376,0.09090909090909091,0.0336095226980978,0.03606021706150076
11,2021,8268,28433.000424429254,4403.7,0.019472665699080793,0.07208514755684567,0.10570875665215287,0.09784712143202709,0.15203193033381712,0.10026608611514272,0.07414126753749395,0.12288340590227383,0.10256410256410256,0.05539429124334785,0.0,0.09760522496371553
12,2019,7626,89065.75637829912,16233.058333333334,0.026488329399423027,0.03291371623393653,0.04982953055337005,0.05874639391555206,0.12890112772095463,0.13086808287437712,0.0911355887752426,0.09257802255441909,0.14266981379491214,0.2069236821400472,0.022685549436139523,0.016260162601626018
12,2020,7418,66848.66908273633,8284.283333333333,0.02493933674844972,0.0700997573469938,0.09463467241844163,0.0796710703693718,0.13130223779994607,0.10946346724184416,0.11296845510919386,0.08870315448908062,0.11728228633054731,0.09908331086546239,0.03154489080614721,0.040307360474521436
12,2021,6468,33881.07238761888,5654.733333333334,0.0367965367965368,0.05179344465058751,0.08240568954854668,0.08426097711811997,0.1437847866419295,0.11410018552875696,0.07977736549165121,0.09075448361162647,0.10745207173778602,0.08132343846629561,0.0,0.12755102040816327
13,2019,5112,86869.72333597988,11611.916666666668,0.05242566510172144,0.04460093896713615,0.05888106416275431,0.07081377151799687,0.1304773082942097,0.11971830985915492,0.07081377151799687,0.09565727699530517,0.1388888888888889,0.16334115805946792,0.03990610328638498,0.014475743348982786
13,2020,5143,54326.725284928936,5651.591666666667,0.11471903558234493,0.06066498152829088,0.07563678786700369,0.08205327629788062,0.12113552401322185,0.10266381489403072,0.10285825393739063,0.0991639121135524,0.11044137662842698,0.06688703091580789,0.03052692980750535,0.03324907641454404
13,2021,4518,30307.021268196397,3773.8166666666666,0.06949977866312528,0.06396635679504205,0.0934041611332448,0.10557768924302789,0.14187693669765383,0.0934041611332448,0.07016378928729526,0.08565737051792828,0.10557768924302789,0.06795042054006198,0.0,0.10292164674634795
14,2019,10853,80279.23247305817,11346.333333333334,0.07795079701465032,0.0328941306551184,0.04929512577167604,0.06919745692435271,0.1430940753708652,0.108264995853681,0.077029392794619,0.09177186031512025,0.15949507048742284,0.1481617985810375,0.03178844559108081,0.011056850640375933
14,2020,12622,47435.94758596548,3842.883333333333,0.17556647124069086,0.044763112026620186,0.0612422753921724,0.10148946284265568,0.13143717318966883,0.09998415465061004,0.09420060212327681,0.08849627634289337,0.09269529393123119,0.06670892093170655,0.024164157819679923,0.019252099508794168
14,2021,9802,27384.37612557934,4125.825000000001,0.08783921648643134,0.0630483574780657,0.07478065700877372,0.09447051622117936,0.15415221383391145,0.10997755560089778,0.07427055702917772,0.09426647622934095,0.11609875535604978,0.05549887778004489,0.00010201999591920016,0.07549479698020813
15,2019,18770,85757.15801288975,14410.675,0.02956846030900373,0.034949387320191795,0.041395844432605224,0.06553010122535961,0.15093233883857218,0.128822589238146,0.08066062866275972,0.10175812466702185,0.1557272242940863,0.16819392647842302,0.028929142248268515,0.013532232285562067
15,2020,19910,63261.9912566172,9725.75,0.05107985936715218,0.05128076343545957,0.06574585635359116,0.07599196383726771,0.1257659467604219,0.12179809141135108,0.13340030135610245,0.10467101958814666,0.11707684580612758,0.08011049723756906,0.03766951280763436,0.03540934203917629
15,2021,17917,29998.320479463266,4972.875,0.03315287157448234,0.06546854942233633,0.09499358151476252,0.1003516213651839,0.14617402466930848,0.10113300217670369,0.07540324831165932,0.12379304571077747,0.10040743428029246,0.06864988558352403,0.0,0.09047273539096946
16,2019,18245,82744.75891373445,10091.116666666667,0.06785420663195396,0.036338722937791175,0.04308029597149904,0.07580158947656893,0.14935598794190189,0.11882707591120854,0.07761030419292957,0.09240887914497123,0.14847903535215126,0.13658536585365855,0.03655796108522883,0.017100575500137025
16,2020,19662,50775.7169197226,5734.916666666666,0.1086868070389584,0.05040179025531482,0.06779574814362731,0.08778354185738989,0.13462516529345947,0.10594039263554064,0.11402705726782626,0.1035499949140474,0.1009561590885973,0.0697792696572068,0.02451429152680297,0.031939782321228766
16,2021,17130,26536.05476341093,3776.5249999999996,0.09019264448336252,0.05557501459427904,0.08453006421482778,0.10017513134851139,0.16117921774664332,0.10151780502043199,0.0705195563339171,0.10642148277875073,0.09573847051955633,0.05691768826619965,5.837711617046118e-05,0.07717454757734968
17,2019,13179,93830.0900863173,20165.25,0.018059033310569846,0.038090902192882616,0.04226420821003111,0.062144320509902116,0.13225586159799682,0.12330222323393278,0.0775476136277411,0.09583428181197359,0.1621519083390242,0.2085894225662038,0.027240306548296532,0.012519918051445481
17,2020,13225,72646.44326583347,12810.108333333334,0.03674858223062382,0.03780718336483932,0.05565217391304348,0.07062381852551985,0.11735349716446125,0.113648393194707,0.1387523629489603,0.10245746691871456,0.13973534971644613,0.11092627599243857,0.0322117202268431,0.044083175803402645
17,2021,11495,34487.511519046195,6728.75,0.024706394084384516,0.05289256198347107,0.07664201826881253,0.0903871248368856,0.1373640713353632,0.10517616354936929,0.07516311439756417,0.11239669421487604,0.12405393649412788,0.07429317094388865,8.699434536755111e-05,0.12683775554588952
18,2019,3790,94485.006495228,18807.88333333333,0.021372031662269128,0.0395778364116095,0.047493403693931395,0.05804749340369393,0.1437994722955145,0.11926121372031662,0.07810026385224274,0.1,0.16675461741424802,0.18891820580474933,0.031926121372031664,0.00474934036939314
18,2020,3990,68942.06985294117,10128.666666666666,0.042606516290726815,0.05463659147869674,0.06190476190476191,0.07568922305764411,0.13007518796992482,0.12005012531328321,0.12631578947368421,0.07919799498746867,0.13859649122807016,0.11754385964912281,0.02481203007518797,0.02857142857142857
18,2021,3370,37120.10079445004,6759.516666666666,0.032937685459940656,0.055786350148367955,0.07477744807121661,0.08516320474777449,0.1314540059347181,0.11661721068249258,0.07626112759643917,0.10029673590504451,0.12670623145400595,0.08397626112759644,0.0,0.11602373887240357
19,2019,17499,89774.05773224514,17227.483333333334,0.04491685239156523,0.04777415852334419,0.047717012400708615,0.06594662552145837,0.1278930224584262,0.10669181096062633,0.07468998228470199,0.09846276930110293,0.17212412137836447,0.17663866506657525,0.03143036744956855,0.005714612263557918
19,2020,19948,67852.51449890283,8571.175,0.09429516743533187,0.05629637056346501,0.06341487868457991,0.07740124323240426,0.1099358331662322,0.10898335672749147,0.11304391417685984,0.09875676759574895,0.12397232805293763,0.0913876077802286,0.03724684178865049,0.02526569079606978
19,2021,17529,31974.690120110874,4408.316666666667,0.057789948086028865,0.08049517941696617,0.08916652404586685,0.10120371955045925,0.13115408751212276,0.09384448627987906,0.06897141879171659,0.11569399281191169,0.10753608306235381,0.08020993781733128,0.0001140966398539563,0.07382052598550973
2,2019,16111,87049.81534479513,12524.333333333334,0.044131338836819564,0.04891068214263547,0.04437961641114766,0.06517286326112594,0.15107690397864812,0.1138352678294333,0.08509713860095587,0.09695239277512259,0.14995965489417168,0.14480789522686363,0.04487617155980386,0.010800074483272299
2,2020,15355,58346.4478439631,8259.15,0.08029957668511885,0.04890915011396939,0.05900358189514816,0.09228264408987301,0.1357212634321068,0.10218169977206122,0.12816672093780526,0.10804298274177793,0.10888961250407034,0.07710843373493977,0.03353956366004559,0.025854770433083686
2,2021,13476,27164.781435132343,4681.883333333333,0.041332739685366576,0.047640249332146035,0.0836301573167112,0.11620658949243098,0.1501929355891956,0.10522410210745028,0.08971504897595725,0.11316414366280796,0.11539032353814188,0.04734342534876818,0.00037102997922232116,0.08978925497180172
20,2019,5517,98026.3739008647,17938.6,0.04821460938916078,0.04313938734819649,0.03588907014681892,0.06706543411274243,0.1408374116367591,0.10512959941997463,0.07141562443356897,0.09606670291825267,0.16458220047127062,0.1761827079934747,0.0436831611382998,0.0077940909914808775
20,2020,6362,73804.12553982205,8621.958333333332,0.09148066645708897,0.049512731845331656,0.05910091166299906,0.07701980509273813,0.12841873624646338,0.09713926438226973,0.11364350833071361,0.09195221628418736,0.11757309022320026,0.10374096196164728,0.03615215341087708,0.034265954102483495
20,2021,5569,34105.36549390162,5964.216666666667,0.0448913629017777,0.07200574609445143,0.07272400790087986,0.08565272041659185,0.13018495241515532,0.09714490931944694,0.08547315496498474,0.11294666906087268,0.10720057460944514,0.08457532770694919,0.0003591309032142216,0.10684144370623092
21,2019,11810,68231.28123985304,5440.533333333334,0.10558848433530905,0.04233700254022015,0.04724809483488569,0.10067739204064352,0.1716342082980525,0.10948348856900932,0.0646909398814564,0.0821337849280271,0.127688399661304,0.10474174428450465,0.03471634208298052,0.009060118543607113
21,2020,13151,42086.126588287036,1806.3083333333334,0.19200060831875904,0.0633411907839708,0.10136111322332902,0.1021975515169949,0.12166375180594631,0.08151471370998403,0.0790814386738651,0.07885331913922895,0.08151471370998403,0.052771652345829215,0.025549387879248726,0.020150558892859858
21,2021,11564,22780.47897797575,2610.725,0.1075752334832238,0.05863023175371844,0.1100830162573504,0.11328260117606365,0.15418540297474922,0.09953303355240402,0.059667934970598406,0.09719820131442407,0.08206502940159115,0.04955032860601868,8.647526807333103e-05,0.06814251124178484
22,2019,22815,73064.84028881881,6186.433333333333,0.10453648915187377,0.0428227043611659,0.04304185842647381,0.0777120315581854,0.17269340346263423,0.11426692965154503,0.07100591715976332,0.07587113740959894,0.12373438527284682,0.12956388341003724,0.031689677843524,0.013061582292351524
22,2020,25377,42267.92584543987,2730.9083333333333,0.18303976041297237,0.05867517831106908,0.06974819718642866,0.10785356819166962,0.12936911376443236,0.09071206210347953,0.1006423139062931,0.07435867123773496,0.08113646215076645,0.05875398983331363,0.02218544351184143,0.023525239389998818
22,2021,23826,23987.34057951175,2653.483333333333,0.11965919583648116,0.06140350877192982,0.08469738940653068,0.11655334508520104,0.16121044237387727,0.08956602031394276,0.0556115168303534,0.0904893813481071,0.08994375891882816,0.050533031142449426,0.00012591286829513975,0.08020649710400403
23,2019,17623,52556.585660883466,6146.833333333333,0.1786301991715372,0.047891959371276174,0.04658684673438121,0.052431481586563015,0.12341826022811099,0.1163252567667253,0.07904443057368211,0.10344436248084889,0.12438290869885944,0.10934574136072178,0.01276740623049424,0.005731146796799637
23,2020,17258,41001.342067935795,5532.083333333333,0.1626492061652567,0.05452543747827095,0.07532738440143702,0.07127129447212886,0.10528450573647004,0.10018542125391124,0.1121798586162939,0.10412562289952486,0.11594622783636574,0.06976474678410012,0.011878549078688145,0.01686174527755244
23,2021,15884,31272.54972194305,6914.383333333333,0.06723747166960463,0.06799294887937547,0.08952404935784437,0.07882145555275749,0.11804331402669353,0.09607151850919164,0.08939813648954924,0.13529337698312768,0.12975321077814153,0.0673004281037522,0.00018886930244270964,0.06037522034751951
24,2019,27034,68468.65722912611,7150.575,0.10897388473773767,0.04753273655396908,0.040800473477842714,0.064844270178294,0.15854109639712954,0.11851742250499371,0.06613893615447215,0.09088555152770585,0.1340904046755937,0.1352001183694607,0.022712140267810904,0.011762965154990012
24,2020,30259,44780.077862668375,2834.2166666666667,0.19048878019762716,0.05264549390264053,0.07092104828315543,0.09897881621996761,0.13020919395882216,0.0911794837899468,0.09881357612611123,0.07306916950328828,0.08585875276777158,0.07026008790772993,0.017317161836147923,0.020258435506791368
24,2021,29941,19658.62736280307,2596.633333333333,0.12965498814334858,0.05814769045790054,0.08142680605190207,0.12217360809592198,0.16639390801910423,0.09775892588757891,0.06389232156574597,0.10230119234494506,0.07945626398583881,0.036371530676998096,6.679803613773756e-05,0.062355966734578
25,2019,29508,69604.00291057576,10412.65,0.13064253761691744,0.034363562423749494,0.05086756133929782,0.051138674257828386,0.11481632099769554,0.10915683882336993,0.07767385115900773,0.1005490036600244,0.15717771451809678,0.14985766571777145,0.018300122000813338,0.00545614748542768
25,2020,29545,50373.80080493571,8775.4,0.11213403283127432,0.04193602978507362,0.06799796919952615,0.061431714334066675,0.11281096632255881,0.11260788627517346,0.11250634625148079,0.11240480622778812,0.15014384836689795,0.07713657133186665,0.01722795735319005,0.021661871721103402
25,2021,27927,32083.692675873917,6214.466666666667,0.06821355677301535,0.04966519855337129,0.08532960933863286,0.07745192824148674,0.13818168797221328,0.11379668421241093,0.08776452895047804,0.10821069216170731,0.127117126794858,0.0749812009882909,7.161528270132846e-05,0.06921617073083396
26,2019,8388,36661.93727949667,3260.3333333333335,0.29804482594182163,0.05734382451120649,0.03969957081545064,0.04017644253695756,0.085240820219361,0.09573199809251312,0.07045779685264664,0.11456843109203624,0.12160228898426323,0.06747734859322842,0.007629947544110634,0.002026704816404387
26,2020,8273,36705.49349946935,7019.566666666667,0.2354647648978605,0.03747129215520367,0.04460292517829083,0.04544905113018252,0.08533784600507675,0.09863411096337484,0.10987549860993594,0.12619364196784721,0.13961078206212982,0.05584431282485193,0.008582134654901487,0.012933639550344494
26,2021,7828,28634.7333377542,5824.2,0.21269800715380685,0.0496934082779765,0.06157383750638733,0.04931016862544711,0.08392948390393459,0.0830352580480327,0.0905723045477772,0.12825753704649975,0.15240163515585078,0.0516096065406234,0.00012774655084312725,0.036791006642820645
27,2019,9883,40125.67900261132,3116.616666666667,0.3161995345542851,0.047151674592735,0.038348679550743704,0.036223818678538904,0.08499443488819185,0.09187493676009309,0.08003642618638065,0.09389861378124051,0.11676616412020642,0.08104826469695436,0.007993524233532329,0.005463927957098047
27,2020,9571,32455.0908712962,5674.633333333333,0.23602549367882145,0.03594190784662,0.05673388360672866,0.04639013687180023,0.0902726987775572,0.10646745376658656,0.11127363911816947,0.11764705882352941,0.13248354403928533,0.04879322954759168,0.0064779019956117435,0.011493051927698256
27,2021,9439,29686.34742595465,7610.875,0.12681428117385316,0.051064731433414556,0.07871596567432991,0.05901048839919483,0.09820955609704418,0.10138785888335629,0.09460747960589046,0.14154041741709927,0.14704947558004025,0.05784511071088039,0.0,0.0437546350248967
28,2019,18134,73991.44337651988,8581.033333333333,0.13598764751295908,0.07268115142825632,0.06815925885077755,0.05161574942097717,0.09959192676739825,0.08448218815484725,0.0665049079077975,0.09722069041579354,0.15765964486599757,0.13085915958972097,0.02696592037057461,0.008271754714900187
28,2020,15231,38478.52795939743,3173.6583333333338,0.178780119493139,0.08738756483487624,0.07261506138795877,0.07215547239183245,0.10813472523143589,0.09421574420589587,0.09198345479613945,0.09198345479613945,0.11102357034994419,0.06224148118967895,0.011555380474033221,0.01792397084892653
28,2021,16834,21424.732374455063,2624.5916666666667,0.12225258405607699,0.07152191992396341,0.10229297849590115,0.10698586194606154,0.13722228822620886,0.10668884400617798,0.07300700962338125,0.09605560175834621,0.08964001425686112,0.03896875371272425,0.00011880717595342758,0.05524533681834383
29,2019,17056,39662.6136798018,1971.0666666666666,0.3701336772983114,0.03459193245778611,0.03265712945590994,0.037054409005628515,0.06859756097560976,0.087828330206379,0.07416744840525329,0.08630393996247655,0.11262898686679175,0.08155487804878049,0.008384146341463415,0.006097560975609756
29,2020,15295,32593.70958526362,4290.6833333333325,0.2791762013729977,0.0455050670153645,0.04642039882314482,0.04014383785550834,0.08349133703824779,0.09506374632232756,0.10833605753514221,0.11395881006864989,0.12173913043478261,0.0471395881006865,0.006930369401765283,0.012095456031382805
29,2021,15982,27098.673654271224,5175.65,0.2335127017895132,0.038042798147916404,0.0628206732574146,0.05418595920410462,0.07933925666374672,0.08359404329871105,0.08647228131648105,0.13302465273432612,0.14259792266299587,0.048742335127017894,0.00012514078338130396,0.03754223501439119
3,2019,8560,81516.50253562945,8882.783333333333,0.07827102803738317,0.05595794392523364,0.060397196261682246,0.06752336448598131,0.13352803738317756,0.11542056074766355,0.0808411214953271,0.08761682242990654,0.13960280373831777,0.12067757009345795,0.04380841121495327,0.016355140186915886
3,2020,9160,49081.84146081294,4045.116666666667,0.16997816593886464,0.04006550218340611,0.06320960698689956,0.09486899563318778,0.1351528384279476,0.10403930131004367,0.08755458515283843,0.08013100436681223,0.09585152838427947,0.08045851528384279,0.02096069868995633,0.027729257641921398
3,2021,8842,23291.77589043865,3683.383333333333,0.11524541958832843,0.0570006785795069,0.07509613209681068,0.1102691698710699,0.14951368468672246,0.12225740782628365,0.07543542185026013,0.08233431350373219,0.10812033476589007,0.03709567971047274,0.00011309658448314861,0.06751866093643973
30,2019,17873,63543.93578555725,6813.633333333333,0.08817769820399485,0.047389917753035304,0.060314440776590386,0.08219101437923124,0.16180831421697534,0.10076651933083422,0.0654618698595647,0.08705869188160913,0.15621328260504672,0.12236334135287864,0.020757567280255133,0.007497342359984334
30,2020,18967,46210.57580811861,3263.05,0.12015606052617704,0.05852269731639163,0.10839879791216323,0.12173775504824168,0.1168345020298413,0.09384720830916855,0.08288079295618705,0.08335530131280645,0.10987504613275689,0.07112353034217325,0.01950756577213054,0.013760742341962355
30,2021,18496,25840.784208432775,2642.5249999999996,0.08331531141868512,0.06006704152249135,0.11921496539792388,0.14749134948096887,0.1337045847750865,0.09969723183391004,0.06568987889273356,0.08423442906574395,0.10029195501730104,0.057688148788927335,5.406574394463668e-05,0.04855103806228374
31,2019,12161,56292.92680422318,4824.725,0.13239042841871557,0.05731436559493463,0.05838335663185593,0.08198338952388784,0.14423155990461312,0.10443220129923526,0.07433599210591234,0.08625935367157306,0.13280157881753146,0.10385659074089301,0.018337307787188555,0.0056738755036592385
31,2020,13185,26282.557163708996,1775.7666666666667,0.19666287447857414,0.060068259385665526,0.10087220326128175,0.10853242320819112,0.1224118316268487,0.10428517254455821,0.08229048160788775,0.08373151308304892,0.08039438756162305,0.04178991277967387,0.006219188471748198,0.01274175199089875
31,2021,14193,18021.90180441378,1690.1083333333333,0.13048685971958007,0.0667230324808004,0.11914323962516733,0.12964137250757415,0.1616994292961319,0.12034101317550905,0.059959134784753045,0.06904812231381667,0.06686394701613471,0.035862749242584376,0.00014091453533431975,0.04009018530261396
32,2019,8456,76694.14674400898,5438.133333333333,0.14084673604541154,0.07556764427625355,0.0728476821192053,0.06267738883632923,0.11885052034058656,0.07521286660359508,0.04552980132450331,0.07272942289498581,0.1760879848628193,0.10986281929990539,0.03346736045411542,0.0163197729422895
32,2020,7163,35100.60671312758,786.5333333333333,0.30280608683512494,0.09632835404160268,0.08557866815580065,0.08320536088231188,0.09521150355996091,0.06114756386988692,0.05025827167387966,0.0524919726371632,0.0865559123272372,0.05263157894736842,0.01535669412257434,0.01842803294708921
32,2021,7194,14487.856663665016,1121.3666666666666,0.1989157631359466,0.09355018070614401,0.11301084236864054,0.12343619683069225,0.1462329719210453,0.07895468445927162,0.038504309146510984,0.04364748401445649,0.06157909368918543,0.028217959410619962,0.00013900472616068947,0.07381150959132611
33,2019,3255,64980.969613947695,8692.341666666667,0.07557603686635944,0.09155145929339478,0.05038402457757297,0.0565284178187404,0.1336405529953917,0.10660522273425499,0.08448540706605223,0.10998463901689708,0.14746543778801843,0.10291858678955453,0.027649769585253458,0.013210445468509985
33,2020,2862,44782.51255626629,4490.708333333334,0.10237596086652691,0.08176100628930817,0.07721872816212438,0.10062893081761007,0.12089447938504543,0.11390635918937805,0.09189378057302586,0.11076170510132774,0.09538784067085954,0.07617051013277429,0.01222921034241789,0.016771488469601678
33,2021,3048,22182.059092514126,3896.616666666667,0.08464566929133858,0.10662729658792651,0.08759842519685039,0.08202099737532809,0.12992125984251968,0.10859580052493438,0.09940944881889764,0.10958005249343832,0.08562992125984252,0.03477690288713911,0.00032808398950131233,0.07086614173228346
34,2019,2739,72062.3033419339,9968.05,0.06827309236947791,0.056589996349032494,0.04746257758305951,0.06936838262139466,0.14056224899598393,0.11646586345381527,0.08908360715589632,0.11281489594742607,0.14202263599853962,0.11573566995253742,0.0321285140562249,0.009492515516611903
34,2020,3473,33432.61356509884,2922.4166666666665,0.14857471926288512,0.07831845666570689,0.05787503599193781,0.11632594298877051,0.14713504175064784,0.09386697379786928,0.11431039447163835,0.07371148862654765,0.08638065073423554,0.06161819752375468,0.007486323063633746,0.014396775122372588
34,2021,3307,19576.48521427808,3028.766666666667,0.11158149380102812,0.058361052313274875,0.07106138494103417,0.11641971575446024,0.17538554581191412,0.13426065920774116,0.07075899606894466,0.09615966132446326,0.07287571817357122,0.03628666465074085,0.0,0.056849107952827334
35,2019,3067,67535.55918725974,7170.7,0.09520704271274862,0.10792305184219107,0.07303553961525922,0.04564721225953701,0.11150961851972611,0.10824910335833061,0.08183893055102706,0.09357678513205087,0.13955004890772743,0.10498858819693511,0.028040430388001303,0.010433648516465601
35,2020,3102,45540.17912685338,6834.1,0.09381044487427466,0.09413281753707285,0.0673758865248227,0.06125080593165699,0.11960025789813024,0.10896196002578981,0.10638297872340426,0.12024500322372662,0.11605415860735009,0.08220502901353965,0.008381689232753063,0.021598968407479047
35,2021,2796,23935.249795783926,4047.233333333333,0.05400572246065808,0.10228898426323318,0.10765379113018599,0.08476394849785408,0.11516452074391989,0.11766809728183118,0.09370529327610873,0.0840486409155937,0.10228898426323318,0.04256080114449213,0.000715307582260372,0.09513590844062947
36,2019,1370,43804.65849889625,941.35,0.3861313868613139,0.03868613138686131,0.05620437956204379,0.05474452554744526,0.06496350364963503,0.059124087591240874,0.04890510948905109,0.07518248175182482,0.10437956204379562,0.09197080291970802,0.01167883211678832,0.008029197080291971
36,2020,1615,26450.25160175879,251.825,0.29102167182662536,0.16222910216718267,0.06501547987616099,0.05572755417956656,0.07678018575851393,0.07554179566563468,0.05572755417956656,0.07678018575851393,0.07801857585139318,0.04458204334365325,0.0043343653250774,0.014241486068111455
36,2021,1134,18952.27035225049,1695.0666666666666,0.1455026455026455,0.13227513227513227,0.08641975308641975,0.06261022927689594,0.10934744268077601,0.07142857142857142,0.08641975308641975,0.08289241622574955,0.09611992945326278,0.02821869488536155,0.0,0.09876543209876543
37,2019,2119,41839.718343616514,1374.35,0.32090608777725343,0.10476639924492685,0.03680981595092025,0.042000943841434636,0.09438414346389806,0.09060877772534215,0.05899008966493629,0.07692307692307693,0.09532798489853704,0.049079754601226995,0.024539877300613498,0.005663048607833884
37,2020,2105,23602.860974827643,1325.95,0.363895486935867,0.04085510688836105,0.05795724465558195,0.04085510688836105,0.08836104513064133,0.09596199524940617,0.08028503562945369,0.10831353919239906,0.06460807600950119,0.04608076009501188,0.00047505938242280285,0.012351543942992874
37,2021,1956,23572.5882937555,3715.5833333333335,0.2198364008179959,0.07208588957055215,0.050102249488752554,0.05828220858895705,0.09713701431492842,0.09867075664621677,0.08997955010224949,0.1329243353783231,0.1058282208588957,0.04396728016359918,0.0,0.031186094069529654
38,2019,8250,41682.20439087736,1653.7666666666667,0.3312727272727273,0.05987878787878788,0.048363636363636366,0.04303030303030303,0.0886060606060606,0.09284848484848485,0.07090909090909091,0.0829090909090909,0.09296969696969697,0.07006060606060606,0.014787878787878787,0.004363636363636364
38,2020,9213,29319.383819199058,1314.225,0.3230218169977206,0.0755454249430153,0.058612829697167045,0.046998806034950616,0.090524259198958,0.0886790404862694,0.08563985672419408,0.08042982741777922,0.0742429176164116,0.053945511776837075,0.0053185715836318245,0.017041137523065235
38,2021,7179,21815.220117168108,5257.866666666667,0.09597436968937179,0.08887031620002786,0.0803733110461067,0.06337930073826438,0.11854018665552306,0.11505780749407996,0.11519710266053768,0.1252263546454938,0.10126758601476529,0.031062822120072435,0.0002785903329154478,0.06477225240284162
39,2019,2930,62549.65552505147,9637.758333333333,0.10341296928327645,0.05870307167235495,0.06075085324232082,0.06518771331058021,0.11706484641638225,0.10614334470989761,0.08805460750853242,0.10068259385665529,0.15085324232081912,0.12389078498293515,0.019795221843003412,0.005460750853242321
39,2020,3191,39158.77844671564,5386.7,0.10153556878721404,0.150109683484801,0.06204951425885302,0.059542463177687244,0.09620808523973676,0.12315888436226888,0.12221874020683171,0.09307427138827953,0.09307427138827953,0.06957066750235036,0.01065496709495456,0.01880288310874334
39,2021,2995,25949.31601585611,5755.933333333333,0.04273789649415693,0.08113522537562605,0.08046744574290485,0.08714524207011685,0.13255425709515858,0.12554257095158597,0.10751252086811353,0.128881469115192,0.10984974958263773,0.04440734557595993,0.000333889816360601,0.05943238731218698
4,2019,9946,77717.06583435457,7376.0583333333325,0.08757289362557812,0.040217172732756885,0.05570078423486829,0.07842348682887593,0.15151819827066157,0.11984717474361552,0.07269253971445808,0.0813392318520008,0.1333199276090891,0.12517595013070582,0.038709028755278506,0.015483611502111402
4,2020,10772,52564.96623068904,3605.6,0.1584663943557371,0.04558113627924248,0.07640178239881174,0.10007426661715559,0.1415707389528407,0.0993316004455997,0.09589676940215373,0.07621611585592276,0.08717044188637207,0.06739695506869663,0.03137764574823617,0.020516152989231342
4,2021,9502,28348.61116005034,4017.5333333333333,0.07935171542833087,0.055462007998316146,0.07493159334876869,0.10387286886971164,0.16607030098926542,0.11334455904020206,0.07261629130709324,0.09208587665754578,0.1081877499473795,0.053672910966112396,0.0003157230056830141,0.08008840244159124
40,2019,4606,36358.193432034255,1718.8333333333333,0.3430308293530178,0.05666521927920104,0.04537559704732957,0.03560573165436387,0.08706035605731655,0.09769865392965697,0.08011289622231871,0.08684324793747286,0.0985670864090317,0.054277029960920535,0.011940946591402518,0.002822405557967868
40,2020,5206,25901.318270221534,1299.9333333333334,0.3524779101037265,0.06358048405685747,0.042066845946984247,0.05263157894736842,0.09220130618517096,0.08720706876680753,0.08989627353054168,0.08605455243949289,0.08202074529389167,0.040914329619669614,0.005186323472915867,0.005762581636573185
40,2021,3910,19693.48897226012,2682.4333333333334,0.14040920716112532,0.10358056265984655,0.089769820971867,0.06982097186700767,0.11687979539641943,0.10358056265984655,0.08516624040920716,0.09283887468030691,0.10843989769820972,0.026854219948849106,0.0,0.06265984654731457
41,2019,3961,91113.97582544152,12644.3,0.010855844483716234,0.09492552385761172,0.06235799040646301,0.050997222923504164,0.12143398131784902,0.12294875031557688,0.10022721534965917,0.10628629134057056,0.1497096692754355,0.1206765968189851,0.04594799293107801,0.01363292097955062
41,2020,3560,52080.828068644565,5843.8,0.028370786516853933,0.13707865168539327,0.07640449438202247,0.07050561797752809,0.12471910112359551,0.1205056179775281,0.10056179775280899,0.09887640449438202,0.11123595505617978,0.075561797752809,0.021910112359550562,0.034269662921348316
41,2021,3748,23698.930093549974,4727.733333333334,0.016008537886873,0.1104589114194237,0.09284951974386339,0.08404482390608324,0.13260405549626467,0.11499466382070438,0.10725720384204909,0.10218783351120597,0.10725720384204909,0.03468516542155817,0.0008004268943436499,0.09685165421558165
42,2019,7136,61233.35042331029,8660.716666666667,0.18329596412556054,0.05367152466367713,0.046384529147982065,0.0406390134529148,0.09346973094170404,0.10229820627802691,0.08926569506726457,0.12401905829596413,0.14181614349775784,0.09543161434977579,0.022841928251121076,0.006866591928251121
42,2020,7802,39917.916967845376,4439.125,0.22442963342732633,0.07395539605229429,0.05344783388874647,0.05049987182773648,0.08600358882337862,0.09305306331709819,0.0974109202768521,0.11573955396052295,0.11561138169700078,0.06229172007177647,0.013458087669828249,0.014098948987439118
42,2021,6243,29921.242382734952,7208.55,0.06727534839019703,0.07015857760691975,0.0885792087137594,0.0659939131827647,0.11532916866890917,0.11164504244754124,0.09162261733141118,0.11997437129585135,0.1592183245234663,0.05141758769822201,0.00016017940092904052,0.05862566074002883
43,2019,13208,58116.31222256043,9796.1,0.04459418534221684,0.09691096305269534,0.07540884312537856,0.061629315566323443,0.11447607510599636,0.11326468806783767,0.104633555420957,0.12484857662023016,0.14248940036341612,0.09600242277407632,0.02066929133858268,0.0050726832222895216
43,2020,14067,42782.87774584698,8283.5,0.0509703561526978,0.1165849150494064,0.0673206796047487,0.06341081964882349,0.10677472097817588,0.11772232885476648,0.11381246889884127,0.13798251226274258,0.12134783535935167,0.07073292102082888,0.010449989336745574,0.02289045283287126
43,2021,13018,29152.366678971834,8320.341666666667,0.014518359194960823,0.10278076509448456,0.08833922261484099,0.06498694115839607,0.11545552312183131,0.11322783837763098,0.10047626363496696,0.1305115993240129,0.15977876785988632,0.04632047933630358,0.0,0.0636042402826855
44,2019,12294,70569.08843437236,12710.466666666667,0.04384252480884984,0.06954612005856516,0.05514885309907272,0.051651211973320316,0.11607288108020172,0.124857654140231,0.10924027981129006,0.12615910200097608,0.14543679843826257,0.1273792093704246,0.024890190336749635,0.0057751748820562875
44,2020,12433,51681.57644128897,12774.283333333333,0.04142202203812435,0.07640955521595753,0.06265583527708518,0.05332582642966299,0.09675862623662833,0.11750985281106732,0.12233571945628569,0.15217566154588594,0.1596557548459744,0.07311187967505832,0.018901311027105284,0.025737955441164643
44,2021,10873,34366.47181911682,10874.766666666666,0.014991262760967534,0.07651981973696312,0.08231398877954567,0.061712498850363284,0.10696219994481744,0.10907753150004598,0.10291547870872804,0.1426469235721512,0.1557067966522579,0.07109353444311597,9.197093718384991e-05,0.07596799411386002
45,2019,4611,64118.33567066521,11557.966666666667,0.008891780524831923,0.08978529603122967,0.06354369984818911,0.06441119063109954,0.11906310995445674,0.1236174365647365,0.1071351116894383,0.1181956191715463,0.1650401214487096,0.11320754716981132,0.02147039687703318,0.005638690088917805
45,2020,4947,54092.39811018578,12889.35,0.032544976753588035,0.07923994340004042,0.06205781281584799,0.05235496260359814,0.09561350313321204,0.10976349302607641,0.117242773398019,0.12815847988680007,0.17869415807560138,0.07297351930462907,0.01799070143521326,0.053365676167374164
45,2021,4007,32195.517806463424,8328.866666666667,0.010481657100074869,0.08535063638632394,0.09059146493636137,0.08185675068629898,0.11754429747941103,0.09258797105066134,0.08135762415772398,0.1115547791365111,0.18043424007986025,0.05665086099326179,0.0002495632642874969,0.09134015472922385
46,2019,11654,58283.48694047004,7254.025,0.024798352496996738,0.15230822035352667,0.07825639265488245,0.05740518276986442,0.11764201132658315,0.11172129740861507,0.09112750986785653,0.10931868886219324,0.12218980607516733,0.11292260168182598,0.01784794920199073,0.004461987300497683
46,2020,11008,47620.013874273056,8468.883333333333,0.07776162790697674,0.10655886627906977,0.060592296511627904,0.0592296511627907,0.10592296511627906,0.1119186046511628,0.11646075581395349,0.13490188953488372,0.11446220930232558,0.08048691860465117,0.015806686046511628,0.015897529069767442
46,2021,10918,28858.820891310694,6210.5,0.025187763326616597,0.1396775966294193,0.07986810771203517,0.07061732918116871,0.11311595530316908,0.099468767173475,0.09598827624106979,0.11201685290346217,0.15039384502656164,0.054863528118703056,9.159186664224217e-05,0.05871038651767723
47,2019,1575,45690.44361340972,5583.5,0.0044444444444444444,0.15428571428571428,0.16,0.05142857142857143,0.10412698412698412,0.11047619047619048,0.0761904761904762,0.09714285714285714,0.1403174603174603,0.08634920634920636,0.012698412698412698,0.0025396825396825397
47,2020,1405,49377.696649795136,9755.6,0.046263345195729534,0.12170818505338078,0.09608540925266904,0.06405693950177936,0.07829181494661921,0.09395017793594305,0.0911032028469751,0.16298932384341638,0.1494661921708185,0.05409252669039146,0.026334519572953737,0.015658362989323844
47,2021,1169,31599.022827732366,7240.9,0.003421727972626176,0.14285714285714285,0.10350727117194183,0.07442258340461934,0.11206159110350727,0.05645851154833191,0.07955517536355859,0.12318220701454234,0.1958939264328486,0.04961505560307956,0.000855431993156544,0.058169375534645
48,2019,6338,74643.47788303348,11495.233333333334,0.009151151782896813,0.07541811296939098,0.07163142947301988,0.05727358788261281,0.1266961186494162,0.13284947933101926,0.09151151782896813,0.10602713789839066,0.1456295361312717,0.14831177027453454,0.026506784474597665,0.008993373303881351
48,2020,6114,57461.735110438385,10040.358333333334,0.023716061498200852,0.08635917566241413,0.06983971213608113,0.06362446843310435,0.10893032384690873,0.13526333006215244,0.10647693817468105,0.1257769054628721,0.13755315668956494,0.09764474975466143,0.017337258750408896,0.02747791952894995
48,2021,5902,31905.889270774802,6906.15,0.015249068112504236,0.10386309725516774,0.08217553371738394,0.07709251101321586,0.12029820399864452,0.10725177905794646,0.08759742460182988,0.10047441545238903,0.15537106065740428,0.05489664520501525,0.00033886818027787193,0.09539139274822095
49,2019,20536,58052.21728177516,8634.816666666666,0.03058044409816907,0.11594273470977795,0.08774834437086093,0.062183482664589014,0.11443319049474095,0.11253408648227503,0.10454811063498247,0.11896182313985197,0.12407479548110635,0.10323334631865991,0.02059797428905337,0.005161667315932996
49,2020,20084,59001.77917849179,14669.983333333334,0.041973710416251746,0.07149970125473014,0.05357498506273651,0.05083648675562637,0.1004282015534754,0.1086934873531169,0.12447719577773352,0.1435471021708823,0.1798944433379805,0.08798048197570205,0.01956781517625971,0.01752638916550488
49,2021,19897,30965.712753982807,8519.783333333333,0.017490073880484496,0.07895662662712971,0.08091672111373574,0.06302457656933207,0.12353621148916923,0.1341910840830276,0.1039855254560989,0.12303362315927024,0.1442428506810072,0.06222043524149369,0.00010051766597979596,0.06830175403327135
5,2019,11398,77684.24125824274,5586.35,0.10598350587822425,0.030882610984383226,0.04246359010352693,0.09887699596420424,0.1709949113879628,0.11124758729601684,0.05913318125987015,0.07203018073346201,0.11449377083698895,0.14458676960870329,0.033865590454465695,0.015441305492191613
5,2020,11614,60126.736855890056,4491.366666666667,0.15644911313931462,0.04744274151885655,0.0661270879972447,0.08575856724642672,0.12424659893232305,0.09686585155846392,0.11434475632856897,0.07973135870501119,0.09350783537110384,0.06647149991389702,0.044343034268985705,0.024711555019803686
5,2021,10177,28449.768004501126,3191.0833333333335,0.1005207821558416,0.05247125872064459,0.09344600569912548,0.10061904293996266,0.15151812911467033,0.09462513510857817,0.062395597916871375,0.10101208607644689,0.10071730372408372,0.059152992040876484,0.0003930431364842291,0.08312862336641447
50,2019,2577,69696.5842820013,10788.5,0.01086534730306558,0.13698098564221964,0.06868451688009314,0.06247574699262708,0.10787737679472255,0.09701202949165696,0.09235545207605743,0.11563833915405511,0.14280170741171905,0.13892122623205277,0.02173069460613116,0.004656577415599534
50,2020,2734,64400.42141607299,13196.95,0.016825164594001463,0.1075347476225311,0.08010241404535479,0.05779078273591807,0.0866861741038771,0.10424286759326994,0.1005852231163131,0.12618873445501097,0.17264081931236283,0.1027798098024872,0.02011704462326262,0.024506217995610827
50,2021,2479,31877.499379509376,7145.666666666666,0.008471157724889069,0.0826946349334409,0.11214199273900767,0.07664380798709157,0.13231141589350545,0.10609116579265833,0.09237595804759983,0.11577248890681727,0.13311819281968534,0.07220653489310205,0.0,0.0681726502622025
51,2019,7205,63971.87786128509,9220.983333333334,0.023317140874392784,0.13657182512144345,0.06717557251908397,0.05676613462873005,0.11158917418459403,0.1238029146426093,0.0974323386537127,0.10645385149201943,0.13671061762664816,0.11145038167938931,0.025954198473282442,0.002775850104094379
51,2020,7218,39735.189893442235,6255.916666666667,0.05763369354391798,0.1111111111111111,0.07495151011360487,0.07689110556940981,0.12219451371571072,0.12745912995289554,0.10931005818786367,0.11471321695760599,0.10889443059019119,0.0714879467996675,0.00914380714879468,0.016209476309226933
51,2021,5910,28291.988130671507,5622.483333333334,0.019627749576988155,0.09407783417935703,0.09018612521150592,0.08138747884940778,0.14974619289340102,0.11573604060913706,0.08934010152284264,0.09847715736040609,0.1350253807106599,0.05871404399323181,0.0,0.0676818950930626
52,2019,7702,85339.16722258556,17351.433333333334,0.053232926512594134,0.0798493897688912,0.033627629187224096,0.05414178135549208,0.09413139444300182,0.10659568943131655,0.09750714100233705,0.12892755128538042,0.1559335237600623,0.15333679563749675,0.03531550246689172,0.007400675149311867
52,2020,7312,59124.10832161605,10158.650000000001,0.10831509846827134,0.06414113785557987,0.04690919037199125,0.06113238512035011,0.10106673960612692,0.10202407002188184,0.11200765864332604,0.10694748358862144,0.14674507658643327,0.10790481400437636,0.015454048140043765,0.02735229759299781
52,2021,6143,31297.021213735938,8532.3,0.042487384014325245,0.04558033534103858,0.0714634543382712,0.06739378153996418,0.1320201855770796,0.1312062510174182,0.10206739378153996,0.11964838027022627,0.14308969558847467,0.0613706657984698,0.00016278691193228064,0.08350968582125998
53,2019,14510,56297.48149506412,8502.4,0.009028256374913852,0.11743625086147484,0.09751895244658856,0.0707787732598208,0.11847002067539628,0.11509303928325293,0.0988973121984838,0.12136457615437629,0.12729152308752584,0.10213645761543763,0.017987594762232943,0.00399724328049621
53,2020,14410,78675.01387046704,19018.575,0.032408049965301874,0.05634975711311589,0.05267175572519084,0.0520471894517696,0.10541290770298403,0.09666897987508674,0.10784177654406663,0.14531575294934074,0.19278278972935461,0.0936849410131853,0.04843858431644691,0.016377515614156835
53,2021,14505,31819.389182148825,9286.925,0.010685970355049982,0.08142019993105826,0.08610823853843502,0.06563254050327473,0.11168562564632885,0.1285074112375043,0.10844536366770079,0.13050672182006204,0.14918993450534299,0.06294381247845571,0.0,0.06487418131678732
54,2019,1687,57413.19316290131,8775.891666666666,0.005334914048606995,0.22703023117960877,0.08713692946058091,0.05038529934795495,0.07053941908713693,0.07291049199762893,0.1055127445168939,0.13218731475992887,0.12744516893894486,0.0906935388263189,0.027860106698280974,0.002963841138114997
54,2020,1283,34182.93819444445,2886.291666666667,0.08028059236165237,0.1558846453624318,0.11145752143413874,0.08963367108339829,0.09119251753702261,0.09275136399064692,0.10911925175370225,0.09041309431021044,0.11067809820732658,0.04988308651597818,0.010132501948558068,0.00857365549493375
54,2021,1181,26096.00735163862,6620.233333333334,0.002540220152413209,0.12023708721422523,0.12531752751905165,0.07112616426756986,0.11939034716342083,0.10499576629974598,0.09737510584250635,0.1363251481795089,0.13293818797629128,0.04572396274343776,0.0,0.04403048264182896
55,2019,5052,89628.35344116081,21263.425,0.025138558986539983,0.11916072842438638,0.05641330166270784,0.03978622327790974,0.08214568487727633,0.09105304829770387,0.07482185273159145,0.08729216152019002,0.17220902612826602,0.22169437846397466,0.021575613618368964,0.00870942201108472
55,2020,4142,49650.91313056987,9298.566666666668,0.07122163206180589,0.06784162240463544,0.05504587155963303,0.050941574118783195,0.1294060840173829,0.13351038145823274,0.1122646064703042,0.11974891356832448,0.13713182037662966,0.0963302752293578,0.010864316755190728,0.015692901979719943
55,2021,2687,39639.85548523207,8938.333333333332,0.027540007443245255,0.07480461481205805,0.08038704875325642,0.06289542240416822,0.1306289542240417,0.11276516561220692,0.10941570524748791,0.09862299962783774,0.15556382582806103,0.08820245627093412,0.0,0.059173799776702646
56,2019,12699,76520.31887799824,12926.883333333333,0.02330892196235924,0.04614536577683282,0.03661705646113867,0.06386329632254509,0.1441058351051264,0.140483502638003,0.09229073155366564,0.10205527994330262,0.15387038349476337,0.1642649027482479,0.02118277029687377,0.011811953697141508
56,2020,13084,52507.22966112818,10037.75,0.04807398349128707,0.06175481504127178,0.056634056863344544,0.07176704371751758,0.12847752980739835,0.11991745643534088,0.14406909202078874,0.10875878936105167,0.12511464383980433,0.09247936410883521,0.01352797309691226,0.02942525221644757
56,2021,11725,34539.22788467384,8259.116666666667,0.050575692963752666,0.06294243070362474,0.06541577825159915,0.07283582089552239,0.13782515991471214,0.1073773987206823,0.095863539445629,0.1442217484008529,0.1261407249466951,0.07189765458422175,0.00017057569296375266,0.06473347547974413
57,2019,4536,51367.18082888097,4533.05,0.11860670194003527,0.05335097001763668,0.0427689594356261,0.09545855379188713,0.17416225749559083,0.10383597883597884,0.06415343915343916,0.08972663139329806,0.13999118165784832,0.09325396825396826,0.014991181657848324,0.009700176366843033
57,2020,6105,39186.653685414574,2753.875,0.1742833742833743,0.04864864864864865,0.05454545454545454,0.12530712530712532,0.1325143325143325,0.09058149058149058,0.08583128583128583,0.08419328419328419,0.09238329238329239,0.08075348075348075,0.0095004095004095,0.021457821457821456
57,2021,5977,19340.442385182603,2642.133333333333,0.14221181194579222,0.058223188890747866,0.06140204115777146,0.12581562656851264,0.16864647816630415,0.09754057219340806,0.08950978751882215,0.10925213317717919,0.06909820980424962,0.03848084323239083,0.00033461602810774636,0.039484691316714074
58,2019,11353,45465.733654952644,4106.966666666666,0.10807716022196776,0.06421210252796618,0.07275609970932793,0.10023782260195543,0.16356910067823482,0.10983880912534132,0.07971461287765348,0.08253325112305118,0.11248128248040165,0.08878710473002731,0.012860036994626971,0.004932616929445961
58,2020,13600,30460.26171137513,1582.5833333333333,0.18294117647058825,0.06941176470588235,0.08323529411764706,0.1361029411764706,0.12191176470588236,0.09551470588235295,0.07808823529411765,0.07220588235294118,0.08477941176470588,0.05198529411764706,0.00786764705882353,0.015955882352941177
58,2021,12624,21251.935576313685,2413.2166666666667,0.125712927756654,0.05315272496831432,0.07129277566539924,0.16920152091254753,0.157319391634981,0.10123574144486693,0.06313371356147021,0.08713561470215463,0.0841254752851711,0.04586501901140684,7.921419518377693e-05,0.041745880861850444
59,2019,7556,46158.426268669944,1949.6666666666667,0.19745897300158813,0.04989412387506617,0.06220222339862361,0.09714134462678665,0.1810481736368449,0.09647961884595024,0.05399682371625199,0.05902593965060879,0.0951561672842774,0.08761249338274218,0.015352038115404976,0.0046320804658549495
59,2020,8434,27560.93317916066,1090.1666666666665,0.30637894237609675,0.04695281005454114,0.07612046478539246,0.14429689352620345,0.1097936921982452,0.07054778278396964,0.05643822622717572,0.05430400758833294,0.06509366848470477,0.048731325586910124,0.008299739151055252,0.01304244723737254
59,2021,7445,16855.51117517056,1206.75,0.19395567494963062,0.062189388851578244,0.0938885157824043,0.17031564808596372,0.14801880456682337,0.06098052384150437,0.046608462055070514,0.0531900604432505,0.07011417058428475,0.032505036937541976,0.0001343183344526528,0.06809939556749496
6,2019,20243,99747.86214339246,8984.983333333334,0.07172849874030529,0.06278713629402756,0.044262214098700785,0.07202489749543052,0.14474139208615325,0.11322432445783728,0.06599812280788421,0.08926542508521464,0.12616707009830558,0.1183619028800079,0.0801758632613743,0.011263152694758681
6,2020,17772,49115.39759908901,4304.766666666666,0.1394890839522845,0.05401755570560432,0.05750618951159127,0.08203916272788657,0.15772000900292596,0.1186698176907495,0.11084852577087553,0.07556830970065272,0.08822867431915372,0.06971640783254558,0.02622102183209543,0.019975241953634933
6,2021,17131,25622.494587292716,3884.516666666667,0.09514914482517074,0.05545502305761485,0.0732006304360516,0.10699900764695582,0.16747416963399686,0.10197886871752962,0.0760025684431732,0.1115521569085284,0.1074076236063277,0.04413052361216508,0.0005253633763352986,0.06012491973615084
60,2019,7980,60608.28631897683,7275.15,0.08395989974937343,0.04924812030075188,0.05225563909774436,0.07644110275689223,0.15413533834586465,0.12844611528822056,0.0880952380952381,0.09010025062656642,0.12456140350877193,0.12205513784461153,0.017042606516290727,0.013659147869674185
60,2020,9545,40941.31834010551,4628.141666666666,0.13441592456783658,0.06568884232582504,0.05165007857517025,0.0892613933996857,0.135358826610791,0.11681508643268727,0.12341540073336825,0.07888947092718701,0.0930330015715034,0.08349921424829754,0.007752750130958617,0.020220010476689365
60,2021,9917,21793.612878704214,4119.55,0.10023192497731169,0.047897549662196226,0.06282141776747,0.09307250176464657,0.16517091862458405,0.11888676010890391,0.07976202480588888,0.12443279217505294,0.08682061107189674,0.03398205102349501,0.0,0.086921448018554
61,2019,15895,46102.89651988038,4600.458333333334,0.2223969801824473,0.053790500157282164,0.053538848694558036,0.05542623466498899,0.10386914123938346,0.09864737338785781,0.0885184020132117,0.10449826989619378,0.11575967285309846,0.08656810317709972,0.01277131173324945,0.004215162000629128
61,2020,18941,31187.291155645693,1574.3333333333333,0.24185629058655825,0.05295390950847368,0.09101948154796473,0.09191700543793886,0.10332083839290428,0.08288897101525791,0.08130510532706826,0.08811572778628372,0.09545430547489572,0.052320363233197824,0.008077715009767172,0.010770286679689562
61,2021,15653,25243.74935948938,2994.35,0.1246406439660129,0.060627355778445025,0.11007474605506931,0.10145020123937903,0.12093528397112374,0.0950616495240529,0.0768542771353734,0.10106688813645946,0.11084137226090846,0.0525777806171341,6.388551715326135e-05,0.04580591579888839
62,2019,4907,65044.637916838205,11452.708333333332,0.0762176482575912,0.0442225392296719,0.03179131852455676,0.07071530466680252,0.1383737517831669,0.11779091094355003,0.0988383941308335,0.10597106174852251,0.1506011819849195,0.14244956185041777,0.013042592215202771,0.009985734664764621
62,2020,5254,35385.8329916032,5491.666666666667,0.10963075751808146,0.06318995051389417,0.058051008755234106,0.10715645222687477,0.12409592691282832,0.11134373810430148,0.11476969927674154,0.10182717929196802,0.11039208222306814,0.06870955462504759,0.005519604111153407,0.025314046440807005
62,2021,4884,29746.736007876836,4507.216666666666,0.10728910728910729,0.04791154791154791,0.06367731367731368,0.10728910728910729,0.1427108927108927,0.10790335790335791,0.06920556920556921,0.12530712530712532,0.10851760851760851,0.07309582309582309,0.00020475020475020476,0.04688779688779689
63,2019,9485,48981.49725074996,4522.166666666667,0.09088033737480232,0.05397996837111228,0.055245123879810225,0.11439114391143912,0.1705851344227728,0.12018977332630469,0.07601476014760147,0.08771744860305745,0.11460200316288877,0.09994728518713758,0.012229836584080127,0.004217185028993147
63,2020,11814,34048.290134157156,2601.5833333333335,0.14406636194345693,0.04486202810225157,0.07000169290672084,0.15566277298120873,0.14389707127137294,0.09107838158117487,0.08489927205011004,0.08058235991196885,0.10098188589808701,0.06212967665481632,0.008210597596072457,0.013627899102759439
63,2021,10557,27293.258788751988,3765.075,0.10334375296012124,0.043288813109784975,0.06535947712418301,0.13962299895803731,0.15364213318177514,0.09955479776451644,0.08032585014682202,0.10059676044330776,0.10192289476176944,0.06554892488396324,9.47238798901203e-05,0.04669887278582931
64,2019,8706,63687.345091098985,9992.166666666666,0.011256604640477832,0.039742706179646224,0.032965770732827936,0.0709855272226051,0.15690328509074203,0.1881461061337009,0.10957960027567196,0.09384332644153458,0.13909947162876177,0.12991040661612682,0.017344360211348494,0.010222834826556398
64,2020,7603,42463.95571615111,10156.683333333332,0.02880441930816783,0.05195317637774563,0.04471918979350256,0.06628962251742733,0.1532289885571485,0.1382349072734447,0.17598316454031304,0.11048270419571223,0.11903196106799947,0.07444429830330133,0.010522162304353544,0.026305405760883863
64,2021,7843,32255.981397863703,11453.683333333334,0.025755450720387606,0.055208466148157595,0.052530919291087594,0.06362361341323473,0.14076246334310852,0.12214713757490755,0.11679204386076757,0.21853882442942751,0.11016192783373709,0.05724850184878236,0.00012750223128904755,0.03710314930511284
65,2019,8665,79812.45485957347,17324.1,0.03069821119446047,0.040276976341604154,0.033121754183496825,0.056087709174841315,0.11829197922677438,0.1276399307559146,0.11298326601269475,0.12625504904789384,0.16076168493941143,0.16041546451240624,0.023773802654356607,0.009694171956145413
65,2020,8414,47389.997395833336,10216.133333333333,0.05811742334204897,0.06738768718801996,0.05574043261231281,0.07784644639885904,0.12265272165438555,0.10102210601378654,0.11825528880437366,0.12158307582600428,0.1464226289517471,0.0910387449488947,0.00974566199191823,0.030187782267649156
65,2021,7697,32807.17315289123,7180.05,0.06002338573470183,0.05456671430427439,0.06690918539690789,0.10211770819799922,0.12472391840977004,0.10744445888008315,0.09003507860205275,0.13147979732363257,0.13238924256203716,0.06872807587371703,0.0,0.061582434714823955
66,2019,14590,63477.2751005539,11774.466666666667,0.06065798492117889,0.04030157642220699,0.04557916381082933,0.06545579163810829,0.12686771761480467,0.13324194653872515,0.10082248115147362,0.12138450993831391,0.1566826593557231,0.12727895819054147,0.015764222069910898,0.005962988348183687
66,2020,15538,47043.915687305554,9384.383333333333,0.07581413309306217,0.049749002445617196,0.058501737675376496,0.08894323593770112,0.1180975672544729,0.11391427468142618,0.11301325781953919,0.11539451666881194,0.1506628909769597,0.08424507658643327,0.01081220234264384,0.02085210451795598
66,2021,14808,34709.65230604176,8243.725,0.044840626688276604,0.04457050243111831,0.0733387358184765,0.09575904916261481,0.1272960561858455,0.11210156672069152,0.08400864397622906,0.1358725013506213,0.13560237709346298,0.08022690437601297,6.75310642895732e-05,0.06631550513236088
67,2019,20045,33557.885412501666,2017.6666666666665,0.3084060863058119,0.08600648540783237,0.03362434522324769,0.03836368171613869,0.08780244449987529,0.10531304564729359,0.08830132202544276,0.09363931154901471,0.09159391369418808,0.054577201297081566,0.010526315789473684,0.0018458468445996508
67,2020,20101,33117.47342921205,2594.55,0.32540669618426943,0.04935077856823043,0.03865479329386598,0.0434306750907915,0.08651310880055718,0.0870603452564549,0.09352768518979156,0.09904979851748669,0.10253221232774488,0.05646485249490075,0.00905427590667131,0.008954778369235361
67,2021,16113,28483.81374295622,7141.033333333333,0.15819524607459814,0.052628312542667414,0.06131694904735307,0.05238006578539068,0.0964438652020108,0.10655992056103768,0.0964438652020108,0.13262583007509465,0.14627940172531495,0.05144914044560293,0.0001861850679575498,0.04549121827096134
68,2019,17164,35467.14958552247,1424.0500000000002,0.3753204381263109,0.0586110463761361,0.033616872523887203,0.03256816592868795,0.07212770915870427,0.08104171521789792,0.07754602656723375,0.10114192495921696,0.09846189699370776,0.05651363318573759,0.011069680727103239,0.0019808902353763693
68,2020,16678,28193.71445992328,988.825,0.39225326777791103,0.05444297877443339,0.0405324379421993,0.03249790142702962,0.07536874925050965,0.07303033936922892,0.08166446816165007,0.09425590598393092,0.0926969660630771,0.045688931526561935,0.007494903465643362,0.01007315025782468
68,2021,12799,28227.309110709295,7237.583333333333,0.15321509492929136,0.045237909211657164,0.06898976482537698,0.05555121493866708,0.09219470271114931,0.10797718571763419,0.1058676459098367,0.13516680990702398,0.132041565747324,0.05437924837877959,0.0,0.04937885772325963
69,2019,14268,60092.92972684141,9316.900000000001,0.1223717409587889,0.0524950939164564,0.054878048780487805,0.049130922343706196,0.11199887860947574,0.12167087188113261,0.102116624614522,0.1204793944491169,0.1312026913372582,0.10751331651247548,0.020815811606391926,0.005326604990187833
69,2020,14549,43291.61611702253,8673.683333333332,0.11574678672073682,0.07134510962952781,0.06605264966664376,0.04825073888239741,0.10062547254106811,0.10804866313836002,0.10887346209361468,0.13987215616193552,0.1406969551171902,0.06110385593511582,0.014777647948312598,0.024606502165097258
69,2021,12578,31533.170809728184,9127.441666666666,0.034107171251391316,0.06455716330100175,0.09500715535061217,0.058594371124185085,0.11679122276991573,0.10804579424391796,0.10295754491970106,0.1511369057083797,0.13213547463825728,0.06249006201303864,0.0003975194784544443,0.07377961520114486
7,2019,14254,79936.1498351479,7029.483333333334,0.08488845236424863,0.05338852251999439,0.04644310369019223,0.07646976287357934,0.16325242037322857,0.1119685702259015,0.06089518731584117,0.077522099059913,0.13575136803704224,0.13960993405359898,0.03570927458958889,0.014101304896871053
7,2020,12255,53171.82368097474,4036.5416666666665,0.12060383516931865,0.05695634434924521,0.06740106079151367,0.10346797225622195,0.15642594859241127,0.10697674418604651,0.08600571195430437,0.07980416156670747,0.09024887800897592,0.07858017135862913,0.026846185230518155,0.026682986536107713
7,2021,12810,22325.802013823704,2910.866666666667,0.08657298985167837,0.060967993754879,0.07845433255269321,0.11631537861046058,0.17517564402810304,0.11100702576112412,0.0697111631537861,0.0849336455893833,0.0942232630757221,0.03715846994535519,0.000312256049960968,0.08516783762685402
70,2019,14345,66080.53771529533,11224.391666666666,0.051516207737887766,0.04308121296619031,0.03576158940397351,0.0624607877309167,0.14674102474729872,0.14067619379574764,0.09801324503311258,0.10986406413384454,0.14116416869989543,0.1460439177413733,0.017636807249912862,0.007040780759846636
70,2020,13879,51375.99209064653,8534.35,0.04762590964766914,0.0539664240939549,0.052381295482383454,0.08739822753800706,0.15267670581453996,0.11830823546365012,0.12183874918942286,0.10505079616687081,0.13905901001513077,0.07680668636068881,0.0177966712299157,0.02709128899776641
70,2021,13137,36200.91014085284,7011.183333333333,0.033188703661414326,0.0621146380452158,0.09142117682880414,0.08624495699170283,0.13404886960493265,0.11113648473776357,0.08753901195097816,0.09789145162518079,0.13047118824693613,0.08639719875161757,7.61208799573723e-05,0.07947019867549669
71,2019,17783,55866.98128782309,8514.583333333334,0.12287015689141315,0.052971939492774,0.045043018613282346,0.052690772085699826,0.1201709497835011,0.1349041219141877,0.10903672046336389,0.11100489231288309,0.12427599392678401,0.10279480402631727,0.018500815385480516,0.005735815104313108
71,2020,18130,47653.65338379007,8901.3,0.0921676778819636,0.08400441257584115,0.05642581356867071,0.0495311638168781,0.10722559293987866,0.1205184776613348,0.13033645890788748,0.1190292333149476,0.13248758963044677,0.07181467181467181,0.016657473800330943,0.01980143408714837
71,2021,17889,33624.16627106983,10188.783333333333,0.03661467941192912,0.058415786237352565,0.07686287662809548,0.06361451171110738,0.11711107384426184,0.1052602157750573,0.09771367879702611,0.15132204147800324,0.1466264184694505,0.06730392978925596,0.0,0.0791547878584605
72,2019,8432,75887.18517608025,10310.65,0.005336812144212524,0.07993358633776092,0.05562144212523719,0.07578273244781783,0.15120967741935484,0.12120493358633776,0.08645635673624288,0.09819734345351043,0.1213235294117647,0.17314990512333966,0.02075426944971537,0.011029411764705883
72,2020,7430,57770.37047400825,7203.666666666667,0.018304172274562585,0.10148048452220727,0.0702557200538358,0.06998654104979811,0.15302826379542395,0.1313593539703903,0.11103633916554509,0.09502018842530283,0.10847913862718708,0.08411843876177658,0.026110363391655452,0.03082099596231494
72,2021,6500,31599.559743456102,5539.341666666667,0.009846153846153846,0.10261538461538462,0.08676923076923077,0.072,0.142,0.12015384615384615,0.08523076923076923,0.07446153846153847,0.12723076923076923,0.06507692307692307,0.00015384615384615385,0.11446153846153846
73,2019,12312,65351.36484687627,10967.15,0.049545159194282,0.06099740090968161,0.057504873294346975,0.05734243014944769,0.12776153346328786,0.13263482781026642,0.11159844054580896,0.11419753086419752,0.13994476933073424,0.12110136452241715,0.021929824561403508,0.005441845354126056
73,2020,11943,60310.15289693752,11419.983333333334,0.04697312233107259,0.0810516620614586,0.060537553378548103,0.05065728878841162,0.11035753160847359,0.11722347818805995,0.12191241731558235,0.1262664322197103,0.14602696139998325,0.09394624466214518,0.022942309302520305,0.02210499874403416
73,2021,11607,36915.30180690654,10116.283333333333,0.010338588782631171,0.074954768674076,0.08150254156974239,0.05875764624795382,0.12208150254156974,0.10760747824588611,0.09847505815456191,0.13000775394158698,0.14336176445248558,0.08503489273714138,0.00017230981304385286,0.0877056948393211
74,2019,6118,70329.40077180839,13330.066666666666,0.009480222294867604,0.06178489702517163,0.037430532853873814,0.06243870545930043,0.13877084014383786,0.13615560640732266,0.10673422687152664,0.12209872507355345,0.13877084014383786,0.16198103955541027,0.016181758744687805,0.008172605426610004
74,2020,5035,69815.52352034525,8934.033333333333,0.02025819265143992,0.08917576961271102,0.05243296921549156,0.07348560079443893,0.13584905660377358,0.13505461767626614,0.1080436941410129,0.08718967229394241,0.13167825223435947,0.10228401191658391,0.030983118172790466,0.033565044687189675
74,2021,4365,37035.41758927046,8674.991666666667,0.007331042382588774,0.0856815578465063,0.06552119129438717,0.06323024054982818,0.13287514318442153,0.11248568155784651,0.09301260022909508,0.09530355097365406,0.1672394043528064,0.07079037800687285,0.0004581901489117984,0.10607101947308133
75,2019,10680,60938.30473091915,9818.8,0.006835205992509363,0.10215355805243445,0.07528089887640449,0.0699438202247191,0.12883895131086143,0.12340823970037453,0.10290262172284644,0.11264044943820224,0.13689138576779025,0.11601123595505618,0.017977528089887642,0.007116104868913857
75,2020,10218,61005.10691390111,11614.166666666666,0.020551967116852612,0.07721667645331767,0.06478762967312586,0.05999217067919358,0.12135447249951067,0.11597181444509688,0.12018007437854766,0.12458406733215893,0.16793893129770993,0.08181640242708944,0.024662360540223135,0.020943433157173615
75,2021,9002,33576.39058296872,8346.900000000001,0.006331926238613642,0.09431237502777161,0.08975783159297934,0.06742946011997333,0.11919573428127082,0.10864252388358142,0.09531215285492113,0.11064207953788047,0.1547433903576983,0.06754054654521217,0.00011108642523883582,0.08598089313485892
76,2019,2225,98801.17513586956,52031.85833333334,0.00853932584269663,0.05707865168539326,0.04359550561797753,0.054831460674157305,0.08224719101123595,0.06741573033707865,0.06157303370786517,0.08943820224719101,0.30292134831460676,0.19640449438202248,0.028314606741573035,0.007640449438202248
76,2020,1636,73848.48040752352,21011.8,0.02628361858190709,0.06051344743276284,0.0550122249388753,0.06845965770171149,0.10757946210268948,0.08190709046454768,0.0812958435207824,0.10574572127139364,0.23471882640586797,0.1332518337408313,0.020171149144254278,0.02506112469437653
76,2021,1795,35224.01551213736,10128.116666666667,0.025069637883008356,0.07799442896935933,0.09025069637883008,0.07855153203342619,0.11309192200557103,0.08356545961002786,0.08746518105849582,0.09749303621169916,0.22841225626740946,0.0584958217270195,0.0005571030640668524,0.05905292479108635
77,2019,10445,83686.66293819262,10278.816666666668,0.06854954523695549,0.05533748204882719,0.05035902345619914,0.06797510770703687,0.14169459071325993,0.1057922450933461,0.06759214935375778,0.10521780756342748,0.14619435136428913,0.1389181426519866,0.04011488750598372,0.012254667304930588
77,2020,10986,56952.572294755824,4208.533333333334,0.1490988530857455,0.047059894411068635,0.0685417804478427,0.1055889313671946,0.12434006917895503,0.10040050973966867,0.08319679592208265,0.08401602038958675,0.09794283633715638,0.08729291825960313,0.028581831421809575,0.023939559439286363
77,2021,9366,27284.427254423663,3006.5,0.09683963271407217,0.06854580397181294,0.08658979286781977,0.11018577834721333,0.14712790945974802,0.10111039931667734,0.06491565235959855,0.0848814862267777,0.10911808669656203,0.04868673926969891,0.001174460815716421,0.0808242579543028
8,2019,12605,73369.17806416049,9618.425,0.07758825862752876,0.0993256644188814,0.06267354224514082,0.06180087266957557,0.11788972629908766,0.07830226100753669,0.05973819912733042,0.09408964696548988,0.1848472828242761,0.12050773502578342,0.026656088853629512,0.016580721935739787
8,2020,10833,42276.095520303774,3102.758333333333,0.10652635465706638,0.09184897996861442,0.09766454352441614,0.10708021785285701,0.12692698236868827,0.09166435890335087,0.08114095818332871,0.09129511677282377,0.11252653927813164,0.05307855626326964,0.02076986984214899,0.019477522385304164
8,2021,12171,19707.04017385401,2595.6,0.07386410319612192,0.09046093172294799,0.10015610878317312,0.1311313778654178,0.1475638813573248,0.09530852025306055,0.06835921452633309,0.09078958179278614,0.10023827130063265,0.029742831320351656,0.00024648755237860487,0.07213869032947169
9,2019,3576,104962.81337637494,28611.083333333332,0.008109619686800894,0.06180089485458613,0.046420581655480984,0.05145413870246085,0.09563758389261745,0.1104586129753915,0.07466442953020135,0.10878076062639822,0.14960850111856824,0.2424496644295302,0.025167785234899327,0.025447427293064876
9,2020,2997,75458.62348969438,11715.458333333332,0.013680347013680347,0.058725392058725394,0.10043376710043377,0.056056056056056056,0.09109109109109109,0.11778445111778445,0.10510510510510511,0.09342676009342676,0.1608274941608275,0.10343677010343677,0.03837170503837171,0.06106106106106106
9,2021,2975,42666.59002135896,9416.616666666667,0.01310924369747899,0.04873949579831933,0.07394957983193277,0.0692436974789916,0.11865546218487395,0.1065546218487395,0.0957983193277311,0.0907563025210084,0.12907563025210084,0.0934453781512605,0.0,0.16067226890756303
