,community_area,total_reqs,avg_resol_time,median_resol_time,perc_resol_unresolved,cca_num_x,cca_name_x,total_num_race_estimates,sr_per_1000,Unnamed: 0,cca_name,cca_num_y,percent_unemployed,LTM_income_sub_10k,LTM_income_10-15k,LTM_income_15_20k,LTM_income_20_25k,LTM_income_25_30k,LTM_income_30_35k,LTM_income_35_40k,LTM_income_40_45k,LTM_income_45_50k,LTM_income_50_60k,LTM_income_60_75k,LTM_income_75_100k,LTM_income_100_125k,LTM_income_125_150k,LTM_income_150_200k,LTM_income_200k+,below_0.50_poverty_line,0.50_1.00_poverty_line,1.00_1.25_poverty_line,1.25_1.50_poverty_line,1.50_1.85_poverty_line,1.85_2.00_poverty_line,2.00+_poverty_line,White,Black_or_African_American,American_Indian_or_Alaska_Native,Asian,Native_Hawaiian_or_Other_Pacific_Islander,some_other_race_alone,two_or_more_races,Abandoned Vehicle Complaint,Garbage Cart Maintenance,Graffiti Removal Request,Pothole in Street Complaint,Rodent Baiting/Rat Complaint,Street Light Out Complaint,Tree Trim Request,Weed Removal Request,top_1,top_2,top_3
0,1,26077,48893.13341585466,4260.758333333333,0.031867162633738545,1,Rogers Park,54402,479.33899488989374,0,Rogers Park,1,9.765415337985036,12.997481108312344,7.031905961376994,7.716204869857263,7.594458438287154,6.498740554156171,5.377833753148615,6.259445843828715,4.130982367758186,3.639798488664988,7.791771620486985,8.727959697732997,8.933669185558355,5.570948782535684,2.7875734676742234,2.938706968933669,2.0025188916876573,11.657889604056953,14.647942266432612,7.031402379559197,6.805149210064365,6.588648332358105,3.604447045055588,49.66452116247318,59.486783574133305,25.287673247307087,0.2316091320172052,6.475864857909635,0.0,4.635858975772949,3.882210212859821,1275,704,4726,1570,2888,1405,987,66,Graffiti Removal Request,Rodent Baiting/Rat Complaint,Pothole in Street Complaint
1,10,34101,71626.99677245719,11439.133333333335,0.055687516495117446,10,Norwood Park,41479,822.1268593746232,9,Norwood Park,10,6.915254237288136,5.722652675248612,3.337197242389116,4.057104508571777,3.349399060460009,3.404307241779025,2.8674272466597523,4.722103593435422,4.0021963272527605,2.9101336099078763,7.23567811603929,9.578427185650662,13.68433896650601,12.854615337685315,6.930632664266975,7.912879018973827,7.43090720517357,2.8863514370760748,3.413360659737472,1.4834333674913385,3.10593861318499,3.427999804811399,1.5468696628116918,84.13604645488704,89.05952409653078,0.9330022420984112,0.1277755008558547,4.204537235709636,0.0385737361074278,2.972588538778659,2.663998649919236,1268,2973,467,3802,2443,3662,2477,141,Pothole in Street Complaint,Street Light Out Complaint,Garbage Cart Maintenance
2,11,25325,64810.92840098758,9507.633333333333,0.045725567620927936,11,Jefferson Park,27264,928.8805751173709,10,Jefferson Park,11,10.191082802547772,5.997074597757192,4.680643588493418,5.694783032666992,5.021940516821063,4.261335933690883,5.811799122379327,3.881033642125793,4.339346660165773,3.0716723549488054,6.952705997074597,9.146757679180888,12.530472940029256,9.575816674792785,5.880058508044856,7.518283764017553,5.6362749878108245,3.57996103943838,5.829382144301099,4.440033814827067,4.443709339508215,5.777924798765024,2.297202925717646,73.63178593744257,79.65448943661971,0.9169600938967136,0.2494131455399061,9.030223004694836,0.0,6.682805164319248,3.466109154929577,1108,1677,1047,2676,3231,1905,1660,106,Rodent Baiting/Rat Complaint,Pothole in Street Complaint,Street Light Out Complaint
3,12,21512,66185.5337476571,9657.316666666666,0.05754927482335441,12,Forest Glen,18437,1166.7841839778705,11,Forest Glen,12,6.0817969908879,3.951322115384616,2.5841346153846154,1.5474759615384617,2.9296875,3.1700721153846154,2.509014423076924,3.6207932692307696,2.8846153846153846,2.3888221153846154,4.597355769230769,8.653846153846153,10.411658653846152,12.034254807692308,9.359975961538462,11.748798076923077,17.608173076923077,2.3485382654444864,1.8875088137983405,2.012257959537886,2.364809893149645,3.406194066279764,0.9546021587026088,87.02608884308727,78.51060367738786,0.9600260346043282,0.0,13.39697347724684,0.0,3.753322123989803,3.379074686771167,517,1709,727,2729,1295,1957,1520,78,Pothole in Street Complaint,Street Light Out Complaint,Garbage Cart Maintenance
4,13,14781,59278.67646445991,6554.466666666667,0.047561058115147825,13,North Park,18442,801.4857390738531,12,North Park,13,9.095778872937649,8.361408882082696,3.7672281776416536,7.503828483920367,6.722817764165392,4.257274119448699,5.252679938744257,3.828483920367534,3.950995405819296,5.130168453292496,6.738131699846861,8.131699846860643,12.970903522205209,6.569678407350689,5.283307810107198,7.289433384379786,4.241960183767228,5.367960511554857,8.643706529055418,7.140453219654476,4.975319721785955,6.854386358537133,2.703612295265874,64.31456136414629,62.10823121136536,3.557097928641145,0.3307667281205942,24.758702960633336,0.0,5.373603730614901,3.871597440624661,615,840,1500,1505,698,1226,839,59,Pothole in Street Complaint,Graffiti Removal Request,Street Light Out Complaint
5,14,33302,52884.01338372863,5469.733333333334,0.03273076692090565,14,Albany Park,52079,639.4516023733174,13,Albany Park,14,9.140712184234554,7.236083287804286,4.7350209433618655,5.293510593091725,6.975050081952286,6.635099860377587,4.631821768955261,4.9353487525040975,3.429854914101864,4.631821768955261,7.60031566806289,10.951253566442055,11.606871850907549,7.1025314150427965,4.650033387968191,5.275298974078796,4.310083166393492,6.606469537606668,12.875570549712243,6.604485016868426,4.677515380035721,9.902758483826156,4.97717801151022,54.35602302044056,55.55214193820925,4.399086003955529,0.0556846329614623,15.904683269648034,0.0998483073791739,19.66627623418268,4.322279613663857,1376,1928,6332,2953,2149,1990,1616,65,Graffiti Removal Request,Pothole in Street Complaint,Rodent Baiting/Rat Complaint
6,15,56620,61476.04697642027,8912.2,0.04475450370893677,15,Portage Park,64846,873.1456065138944,14,Portage Park,15,9.326812581843448,6.196883852691218,4.399787535410765,4.789305949008499,5.515226628895184,4.143059490084986,5.97556657223796,4.3953611898017,4.488314447592067,3.811083569405099,8.93679178470255,11.455382436260624,12.7921388101983,9.388279036827194,4.572415014164306,6.373937677053824,2.7664660056657224,4.872475761131353,8.011177669363304,3.382634471685296,5.774099919718397,6.961341320323597,2.388377694065337,68.60989316371273,69.17928630910156,1.460383061407026,0.1017796009005952,4.595503192178392,0.1341640193689665,20.622706103691826,3.906177713351633,3034,4127,4525,3887,6266,5250,3329,136,Rodent Baiting/Rat Complaint,Street Light Out Complaint,Graffiti Removal Request
7,16,55140,54757.02474445935,5847.25,0.0401342038447588,16,Irving Park,56520,975.5838641188959,15,Irving Park,16,6.778808363464864,5.827586206896552,3.458128078817734,4.901477832512315,5.669950738916256,5.802955665024631,6.724137931034482,5.906403940886699,4.694581280788177,5.1871921182266005,9.152709359605913,8.551724137931034,11.763546798029555,8.0935960591133,5.241379310344827,4.945812807881773,4.078817733990148,6.103889156368695,6.7048271188858575,7.945933415360473,6.435564114909324,7.658838424365627,2.464380605930919,62.68656716417911,75.70417551309271,2.6380042462845013,0.194621372965322,8.306794055201697,0.0477707006369426,9.888535031847134,3.220099079971692,2540,2879,9272,4865,5015,3688,2745,153,Graffiti Removal Request,Rodent Baiting/Rat Complaint,Pothole in Street Complaint
8,17,37907,69760.70283867656,12346.7,0.05782573139525681,17,Dunning,43025,881.0459035444509,16,Dunning,17,7.202993451824134,5.741316744427164,3.648263348885433,4.795230689476412,5.073872472783826,5.1969932607568685,5.05443234836703,4.367547952306895,5.566355624675998,3.589942975635044,7.153965785381026,10.666148263348886,15.72706065318818,10.173665111456714,5.890357698289269,4.89891135303266,2.455935717988595,3.7685217594213047,7.579045618947614,2.5737953564344886,5.777622214444056,6.638665266596664,2.788472756971182,70.87387702718469,84.62289366647298,2.4892504357931435,0.1417780360255665,4.292852992446252,0.0697269029633933,6.8146426496223125,1.568855316676351,2241,3562,1546,3025,3080,4067,2967,77,Street Light Out Complaint,Garbage Cart Maintenance,Rodent Baiting/Rat Complaint
9,18,11158,69129.07945452267,10690.233333333334,0.046513712134791184,18,Montclare,12973,860.094041470747,17,Montclare,18,10.836976889444095,10.78007732544917,4.048214691835343,4.821469183534228,4.093700250170572,10.166022287923584,6.117807596088242,6.458949283602457,6.026836479417785,3.206731862633614,9.779395042074142,3.7753013418239703,12.758699113031613,9.7111667045713,4.048214691835343,0.7505117125312712,3.4569024334773717,7.509943071044217,7.65811432582079,6.246588161896592,7.198003587304062,10.613740934258754,5.965842626530453,54.807767293145126,62.8536190549603,5.2339474292761885,0.0,4.709781854621136,0.0,24.94411469976104,2.2585369613813304,728,849,574,1190,628,1147,710,67,Pothole in Street Complaint,Street Light Out Complaint,Garbage Cart Maintenance
10,19,55007,64191.08033585555,8642.883333333333,0.03415928881778683,19,Belmont Cragin,79210,694.4451458149223,18,Belmont Cragin,19,12.297383849830023,5.520823756550519,7.152707548037143,5.644938861818516,7.433115748827802,6.688425117219822,6.738990530477154,6.375838926174497,6.256320676657166,4.1371701755998895,10.306150592994392,10.34752229475039,9.717753056909077,6.711409395973154,3.7050657350372345,2.519076951365266,0.7446906316079802,7.013155221454694,13.826950426655833,6.901412027631045,8.398516863063795,10.897501015847215,3.917360828931329,49.04510361641609,45.408408029289234,3.615705087741447,0.2297689685645751,1.536422168918066,0.0189370029036737,46.731473298825904,2.4592854437571017,3047,5353,6275,4543,4880,4145,3399,123,Graffiti Removal Request,Garbage Cart Maintenance,Rodent Baiting/Rat Complaint
11,2,44968,60529.758094863544,8408.683333333332,0.03871642056573563,2,West Ridge,72211,622.7306089099999,1,West Ridge,2,8.842688842688842,9.436204212078996,4.039990166352537,7.563713840858806,6.12554289928706,4.818487257231828,5.5027452265836265,5.797754650495779,5.71580758829796,4.58084077685815,7.686634434155535,8.166024748012783,10.944030156518888,8.002130623617143,4.552159305088913,3.667131033352454,3.4008030812095384,9.59212376933896,12.475386779184246,6.406469760900141,7.675105485232067,6.351617440225035,4.078762306610408,53.42053445850914,57.60756671421253,11.600725651216576,0.301893063383695,23.51442301034469,0.0,3.542396587777485,3.4329949730650453,2679,2618,3616,3926,4325,3099,2630,112,Rodent Baiting/Rat Complaint,Pothole in Street Complaint,Graffiti Removal Request
12,20,17456,69924.77645813263,9740.791666666668,0.04857928505957837,20,Hermosa,25489,684.8444427007729,19,Hermosa,20,9.649917006186811,7.324975348640654,6.169883082124243,8.775883927313705,6.141710100014087,8.113818847725032,7.465840259191435,7.226369911255107,4.409071700239471,4.747147485561347,8.071559374559797,9.60698689956332,10.649387237639104,4.71897450345119,3.451190308494154,2.1693196224820395,0.9578813917453164,5.690353533367415,16.520508081324472,10.224546777301509,5.898776986904715,12.485744622281649,2.965118565417437,46.21495143340281,39.64847581309584,2.3853426968496216,0.4590215387029699,1.5967672329240064,0.184393267684099,53.324963709835615,2.401035740907843,825,1545,2195,1302,1491,1242,1303,44,Graffiti Removal Request,Garbage Cart Maintenance,Rodent Baiting/Rat Complaint
13,21,36582,44943.584790461406,2871.016666666667,0.0313542179213821,21,Avondale,39721,920.9737922005992,20,Avondale,21,7.835032176241251,6.885874373341197,5.8905927455028015,5.529342376879976,6.863757003833677,7.888528457682099,6.214980831613094,5.927455028015335,5.145974638749632,6.074904158065468,8.235033913299912,10.726924211147152,10.129755234444117,4.401356531996462,4.401356531996462,3.310232969625479,2.373930993807136,6.972560743874939,14.180749448934607,8.989333400896907,7.765588183131065,9.392181205503054,3.20758063290177,49.49200638475766,83.41934996601294,2.4445507414214145,0.7829611540494953,3.267792855164774,0.0704916794642632,7.567785302484832,2.447068301402281,1607,1704,10699,1984,2538,2368,1336,115,Graffiti Removal Request,Rodent Baiting/Rat Complaint,Street Light Out Complaint
14,22,72237,47051.47718635646,3444.55,0.03784764040588618,22,Logan Square,74549,968.9868408697635,21,Logan Square,22,6.042705872057407,6.641548210309985,5.538619626648399,3.688987840383627,5.963349888679568,4.79876691214249,4.836444596677513,3.740366501113204,4.065764685733859,3.271108066449734,7.518410686761431,9.847576639835587,11.38208597362562,8.17263230005138,6.114060626819661,7.336872752183593,7.083404692584347,7.144302226777984,10.73735888755513,6.747771198899424,4.763767314513845,7.035053882362462,2.462808356823975,61.108938133067184,80.98700183771747,5.49705562784209,0.3112047109954526,3.070463721847376,0.0160967953963165,6.995398999315887,3.1227783068854045,2098,3254,18405,4080,6559,4117,3044,305,Graffiti Removal Request,Rodent Baiting/Rat Complaint,Street Light Out Complaint
15,23,50781,42252.13196317943,5998.9,0.02626966778913373,23,Humboldt Park,55011,923.1062878333424,22,Humboldt Park,23,17.404775675452367,18.009564743628548,6.901144137054301,7.906047581572734,7.5065076578485375,6.531872389369816,7.585204915551789,5.333252618197228,4.673406380531509,2.9420667110599914,6.223136993764756,7.839457594285368,10.097463526847871,4.086203765361099,1.3983897330346873,1.9068950905018465,1.0593861613899147,15.47170501518089,16.345977978563848,9.664557193547209,10.25350257892234,8.22694516589238,2.1143505139554453,37.92296155393788,20.55952445874461,42.0461362273,0.2381341913435494,0.5035356565050626,0.0,34.24587809710785,2.4067913689989275,2664,4555,5267,2419,4197,2640,1898,5035,Graffiti Removal Request,Weed Removal Request,Garbage Cart Maintenance
16,24,87581,45142.339264921226,3795.866666666667,0.03053173633550656,24,West Town,85582,1023.3577154074455,23,West Town,24,6.333163178492428,6.48897946050303,3.938971416313617,3.113101303158685,4.459162331742371,3.123826889043814,2.882501206628412,2.4936987182924866,4.536922829409557,3.421461897356143,6.411218962835845,9.181101517670404,12.127956239609588,10.146404247332011,6.427307341663538,8.942457231726284,12.304928406714216,6.4855647674486985,9.138589992356088,3.371552889986476,3.7302287293467393,5.197859704827424,1.856882460163462,70.21932145587111,75.30438643640018,8.178121567619359,0.2827697413007408,4.070949498726368,0.0,8.609286999602721,3.5544857563506347,2258,3731,22721,5414,8799,5187,3459,492,Graffiti Removal Request,Rodent Baiting/Rat Complaint,Pothole in Street Complaint
17,25,87015,51477.831148237776,8524.691666666666,0.031132563351146354,25,Austin,97643,891.154511844167,24,Austin,25,19.481611376684523,15.307300933295876,8.686830851827574,8.764865624122109,7.784748884102756,7.275962168742392,6.670412335736804,5.228329743733807,4.398039766519961,3.158847582482754,7.035615070075226,7.862783656397291,7.987639292068546,4.491681493273402,2.603240003745669,1.5232387551893125,1.2204638386865188,13.836705950580974,16.743646569043726,7.754603260081605,7.836415981441975,8.073569312980261,3.0457115635550216,42.70934736231644,8.164435750642648,83.59841463289739,0.1300656473070266,0.4782728920659955,0.0440379750724578,6.689675655192897,0.8950974468215847,5366,8046,2279,5233,4838,6428,4190,8166,Weed Removal Request,Garbage Cart Maintenance,Street Light Out Complaint
18,26,24501,34194.69088223901,5398.858333333334,0.016611566874821435,26,West Garfield Park,17733,1381.6613094231093,25,West Garfield Park,26,17.837078651685392,23.908174692049272,10.26502426278462,9.38783128032848,8.156028368794328,5.487122060470324,6.476297125793207,3.863381858902576,4.348637551325122,3.3407988055244497,6.401642403882045,6.4949608062709965,8.49197461739455,1.1758118701007838,1.3811123553564764,0.4665920119447554,0.3546099290780142,26.295727370996183,21.07868236900495,6.633668999260397,5.683563748079877,7.293622347385788,4.005234112760994,29.009501052511805,2.3346303501945527,95.7649579879321,0.1071448711441944,0.3439914284103084,0.0,1.3082952687080585,0.1409800936107821,1323,2125,843,788,1070,1718,635,6029,Weed Removal Request,Garbage Cart Maintenance,Street Light Out Complaint
19,27,28945,34210.726211539135,5463.95,0.019761616859561237,27,East Garfield Park,20665,1400.677473989838,26,East Garfield Park,27,20.31272210376688,29.01502021952628,12.016175621028308,7.192374350086656,5.993645291738879,5.6181398035817445,3.321779318313114,3.870595031773541,4.852686308492201,2.599653379549393,4.664933564413634,6.036972848064703,8.304448295782784,3.105141536683998,1.0687463893703062,1.6175621028307337,0.7221259387637204,27.4300932090546,20.446811658529366,7.057256990679095,7.451792671499728,5.844059772155644,1.0652463382157125,30.704739359865854,5.540769416888459,91.55577062666345,0.0725864989112025,0.2758286958625696,0.0,1.6210984756835227,0.9339462859908058,1374,2226,1063,1290,2134,2237,529,6488,Weed Removal Request,Street Light Out Complaint,Garbage Cart Maintenance
20,28,51621,44967.46163236903,3758.133333333333,0.02568722031731272,28,Near West Side,61768,835.7239994819324,27,Near West Side,28,10.013806757496027,14.953710400694344,4.263706061044409,3.688702444669463,3.4102415738463767,2.28916534066252,2.036019094459714,1.963691595544626,2.184290467235643,2.6761174598582382,5.35585129466223,8.86735136698973,10.68638796470418,9.746130478808045,7.117025893244612,9.76059597859106,11.00101258498481,16.62495655196385,8.444560305874175,3.915537017726799,3.048314216197428,3.630517900590893,2.0316301703163018,62.30448383733055,48.00543970988214,31.231381945343863,0.1699909338168631,15.660212407719207,0.1327548245045978,2.295687087164875,2.5045330915684496,1274,1296,8584,5467,2362,4020,1194,1960,Graffiti Removal Request,Pothole in Street Complaint,Street Light Out Complaint
21,29,48352,33517.47720214529,3905.55,0.017951687624090006,29,North Lawndale,35276,1370.6769474997166,28,North Lawndale,29,23.39494163424125,24.436470696476217,11.068175545128346,10.166528659490297,9.080872205354678,5.520287054926857,5.593890882325881,3.6893918483761152,4.554236820314657,3.054558837059527,4.747446867237096,7.351182261477597,5.833103321372712,2.732542092188793,1.196062195234152,0.782040666114638,0.1932100469224399,25.83871339635693,21.57885635231727,8.5398893244178,7.473483975097994,6.891284297901776,2.052109753285681,27.62566290062255,5.910534074158067,89.85996144687606,0.2806440639528291,0.3004875836262615,0.0,2.9878671051139585,0.66050572627282,1710,3395,1867,2246,2736,3318,1223,14766,Weed Removal Request,Garbage Cart Maintenance,Street Light Out Complaint
22,3,26606,52779.80726480746,4631.266666666666,0.03502969255055251,3,Uptown,55137,482.54348259789253,2,Uptown,3,9.804309152006326,15.620402996818449,6.688105093907154,6.072320481680408,5.5249563819233005,4.68680510417023,4.132598953166159,2.894187677465704,3.951284595121617,3.020765625534535,6.46915945400431,7.546782525401115,11.097807122575349,7.984673805206801,3.574971776538606,4.649173822311929,6.086004584174336,10.189732142857142,13.857886904761903,4.3340773809523805,4.828869047619048,6.309523809523809,1.2723214285714286,59.20758928571429,62.81807134954749,21.1582059234271,0.2756769501423726,8.761811487748698,0.0834285507009812,3.2138128661334497,3.6889928722999072,969,419,5311,1799,1657,1345,1074,61,Graffiti Removal Request,Pothole in Street Complaint,Rodent Baiting/Rat Complaint
23,30,55345,45409.55590245676,4025.1583333333333,0.022820489655795466,30,South Lawndale,73826,749.6681385961585,29,South Lawndale,30,13.158164836292723,9.81826241134752,9.43040780141844,10.593971631205672,10.981826241134751,7.92331560283688,8.937278368794328,7.912234042553192,5.191710992907801,5.031028368794326,6.986923758865249,7.590868794326242,4.681959219858156,2.792553191489361,1.169104609929078,0.6039450354609929,0.3546099290780142,13.332422752382683,23.20615552722637,9.998178838098706,11.062040915437382,9.723486917987008,3.133916105141747,29.54379894372609,62.23959038821012,11.20472462276163,0.5038875193021428,0.2451710779400211,0.0,24.88283260639883,0.923793785387262,2645,3601,13673,3601,3371,4022,2211,612,Graffiti Removal Request,Street Light Out Complaint,Garbage Cart Maintenance
24,31,39559,32916.59943207711,2589.366666666667,0.020020728532066028,31,Lower West Side,34410,1149.6367335077014,30,Lower West Side,31,11.354042645307931,11.716006021073758,6.932597424318448,7.325639739086803,8.370965044321792,7.76049506606456,6.899147014550929,4.565980933266432,5.795283492222779,5.636394045827061,7.618330824552601,9.909683893627696,8.479678876066233,3.7548084964040807,2.358253888610136,1.8648603445392204,1.0118748954674694,10.48133937914196,18.137425880711543,9.783746076037673,8.499011742820601,9.603534472735728,5.089524473898384,38.405417974654114,53.94943330427201,3.5367625690206337,0.2383028189479802,1.764022086602732,0.0,38.3144434757338,2.197035745422842,1129,1605,12285,2958,1648,4454,850,259,Graffiti Removal Request,Street Light Out Complaint,Pothole in Street Complaint
25,32,23284,43969.12361481482,1421.975,0.03367119051709328,32,Loop,33442,696.2502242688834,31,Loop,32,5.296087416284808,9.67117988394584,5.073224647692733,1.2434374136501796,1.3594915722575298,1.884498480243161,1.9342359767891684,1.4976512848853274,3.105830339872893,2.6802984249792763,5.664548217739707,6.217187068250897,13.241226858248131,10.212765957446807,8.328267477203648,12.79358938933407,15.092567007460625,9.820067093626106,5.2217817085154685,1.3147639863101894,1.128392802683745,1.0436786283080886,0.5150621802039917,80.95625360035241,65.78852939417499,12.400574128341606,0.2721129119071825,17.1969379821781,0.0358830213503977,1.1931104599007236,3.112852102147001,521,88,7043,1493,397,1581,100,28,Graffiti Removal Request,Traffic Signal Out Complaint,Street Light Out Complaint
26,33,9200,45272.570460415496,5330.266666666666,0.03206521739130435,33,Near South Side,22401,410.6959510736128,32,Near South Side,33,3.767123287671233,7.806870045640163,2.6343182000160144,3.411001681479702,2.818480262631116,5.0524461526143005,2.15389542797662,2.15389542797662,4.315797902153896,2.6263111538153576,6.958123148370567,8.791736728320924,9.704539995195772,11.874449515573705,5.588918248058292,9.648490671791176,14.46072543838578,7.373541732354398,2.963830458087473,2.031440025224089,2.927796045223188,3.67551011215711,0.6441151299491014,80.38376649700464,48.51122717735815,24.50337038525066,0.1205303334672559,19.93214588634436,0.0,2.499888397839382,4.432837819740191,274,228,1253,925,275,1129,270,131,Graffiti Removal Request,Street Light Out Complaint,Pothole in Street Complaint
27,34,9532,40766.3272304265,4177.766666666666,0.026751993285774236,34,Armour Square,14007,680.5168844149354,33,Armour Square,34,15.413318025258324,24.28900845503459,11.606456571867794,8.013066871637202,7.148347425057648,5.649500384319754,5.1883166794773246,5.457340507302075,3.1706379707916987,2.4788624135280557,4.919292851652575,7.436587240584166,5.015372790161414,3.7086856264412,3.61260568793236,1.518063028439662,0.7878554957724828,15.322004855062117,21.519348850492644,11.96630015707554,6.290161359417393,7.232614593745537,2.0205626160217047,35.64900756818506,12.90783179838652,9.62375954879703,0.0642535874919683,73.53466124080816,0.3355465124580567,0.8138787748982652,2.720068537159991,265,437,2232,615,929,1216,342,69,Graffiti Removal Request,Street Light Out Complaint,Rodent Baiting/Rat Complaint
28,35,8978,47988.17921972679,5807.741666666667,0.03787034974381822,35,Douglas,20323,441.7654873788319,34,Douglas,35,15.535397768741529,25.291073738680463,8.419577404053472,6.34971970677016,7.449331608451919,2.975420439844761,3.76239758516602,3.9672272531263473,5.724450194049159,3.072445019404916,6.737818025010781,9.217335058214749,8.085381630012936,3.2341526520051747,1.563173781802501,2.738249245364381,1.4122466580422597,23.19604982605768,16.305689597127145,5.268768937268545,4.023117495230614,3.069240264841208,3.069240264841208,45.0678936146336,12.020863061555872,70.772031688235,0.0688874674014663,14.382719086749004,0.019682133543276,0.9004576096048812,1.8353589529104957,422,301,331,416,175,1501,470,516,Street Light Out Complaint,Sign Repair Request - All Other Signs,Weed Removal Request
29,36,4129,31368.590341430838,1001.7166666666667,0.03293775732622911,36,Oakland,6422,642.9461227032077,35,Oakland,36,21.489698890649763,25.27747941281776,10.025062656641603,5.477980665950591,5.012531328320802,6.122448979591836,6.408879341210168,4.511278195488721,4.869316147511636,3.47296813462227,4.654493376297888,7.805227354099535,4.654493376297888,4.117436448263516,1.217329036877909,2.184031507339778,4.189044038668099,11.312217194570136,21.93789982836636,8.550475893275083,5.008581682009674,4.571696052426275,0.8113590263691683,47.80777032298331,3.612581750233572,93.755839302398,0.0,1.6972905636873248,0.0,0.6851448146994706,0.2491435689816256,194,130,79,210,87,324,214,1143,Weed Removal Request,Street Light Out Complaint,Sign Repair Request - All Other Signs
30,37,6180,29925.329746245756,1635.375,0.015857605177993526,37,Fuller Park,2457,2515.262515262515,36,Fuller Park,37,31.668331668331668,27.16981132075472,13.49056603773585,10.0,7.641509433962264,6.509433962264151,3.30188679245283,2.7358490566037736,5.377358490566038,2.2641509433962264,4.245283018867925,3.018867924528302,6.60377358490566,5.660377358490567,0.9433962264150944,0.0,1.0377358490566038,11.038161674189578,22.363561756257692,6.565449322938038,7.5092326631103825,8.206811653672547,3.775133360689372,40.54164956914239,4.273504273504273,92.3076923076923,0.0,0.0,0.0,3.418803418803419,0.0,189,322,217,362,475,274,132,1955,Weed Removal Request,Rodent Baiting/Rat Complaint,Pothole in Street Complaint
31,38,24644,32418.515757121648,2487.5,0.02519883135854569,38,Grand Boulevard,22750,1083.2527472527474,37,Grand Boulevard,38,22.61802982806117,20.48621706845692,10.660156647340049,8.513884650595056,6.031939782321229,4.455294476655477,4.984233546943343,4.099277794730953,3.1532906113315025,2.8684772657918827,7.15084935408402,6.621910283796155,7.92391414912013,5.167327840504527,1.7800834096226223,3.326212999694843,2.7769301190112907,15.82608695652174,19.656633221850612,8.066889632107022,4.499442586399108,5.426978818283166,1.819397993311037,44.70457079152732,4.096703296703296,91.12087912087912,0.3428571428571428,0.5582417582417583,0.0395604395604395,1.7098901098901098,2.131868131868132,1167,1070,397,693,1372,1921,988,6436,Weed Removal Request,Street Light Out Complaint,Rodent Baiting/Rat Complaint
32,39,9122,43445.31508186871,6683.583333333334,0.02696777022582767,39,Kenwood,17601,518.2660076132039,38,Kenwood,39,14.948285247686446,15.826612903225806,6.608422939068101,5.981182795698925,6.406810035842294,5.085125448028674,6.664426523297491,4.121863799283155,3.696236559139785,2.755376344086021,7.224462365591398,6.451612903225806,8.098118279569892,7.336469534050178,3.3490143369175627,3.763440860215054,6.630824372759856,14.39798084093386,7.921757586187117,5.598577410657947,3.384385934721505,6.470487007399759,3.23524350369988,58.99156771639993,19.084142946423498,68.21203340719278,0.0965854212828816,8.635872961763535,0.0,1.1362990739162546,2.835066189421056,457,395,160,587,678,992,344,647,Street Light Out Complaint,Building Violation,Rodent Baiting/Rat Complaint
33,4,30238,53804.01832995522,4475.983333333334,0.03733712547126133,4,Lincoln Square,40761,741.836559456343,3,Lincoln Square,4,7.199729587621122,6.996110228455596,3.9007286473456415,4.525283515038623,4.15274201501123,4.4266695885607845,3.467923081137348,4.5198049635676325,4.563633375335561,4.317098559140963,6.963238919629649,11.077631074343945,12.222648331781077,8.316441132964444,5.8127431107215255,6.201720265161892,8.535583191804088,6.633148318689798,5.306518654951838,4.487642183338727,3.5841401797048063,5.037708141473978,1.7920700898524031,73.15877243198845,76.4284487622973,3.741321361104978,0.2845857559922475,11.116017762076496,0.0,5.012143961139325,3.4174823973896618,1085,1285,5372,2030,2222,1984,1782,66,Graffiti Removal Request,Rodent Baiting/Rat Complaint,Pothole in Street Complaint
34,40,13726,27932.996761118546,1669.8666666666668,0.020399242313856914,40,Washington Park,12081,1136.1642248158266,39,Washington Park,40,31.769679887255887,28.321033210332104,8.394833948339484,10.44741697416974,6.80350553505535,6.157749077490775,4.358856088560885,5.304428044280443,3.505535055350553,3.0212177121771218,5.719557195571956,7.702952029520295,5.857933579335793,2.121771217712177,1.17619926199262,0.4381918819188191,0.6688191881918819,25.63158775305337,23.19725614856952,7.0018403881545925,6.340973732641794,7.687803245775473,0.7277898611343483,29.412748870670907,0.8856882708385068,96.52346660044698,0.8029136660872445,0.074497144276136,0.0,0.1572717490273983,1.5561625693237315,410,376,250,432,503,1399,401,4089,Weed Removal Request,Street Light Out Complaint,Building Violation
35,41,11283,58982.68827653449,7306.066666666667,0.04555526012585305,41,Hyde Park,26893,419.55155616703235,40,Hyde Park,41,7.866349117399832,14.789862046839913,5.919153031761309,3.144048764837985,4.571703561116458,4.234841193455245,4.94064805903112,3.609239653512993,4.25088225858197,3.512993262752647,8.333333333333332,11.70195700994546,8.301251203079884,7.467115816490215,3.6573628488931664,4.25088225858197,7.314725697786333,13.907119714214506,7.676331311788652,5.013707734485337,2.508930796710144,4.23278225471463,1.3749273074686383,65.2862008806181,50.1282861711226,30.45030305283903,0.3532517755549771,12.062618525266798,0.0,3.097460305655747,3.908080169560852,440,377,341,1049,668,1375,422,36,Street Light Out Complaint,Pothole in Street Complaint,Sign Repair Request - All Other Signs
36,42,21188,44419.728643187715,6814.45,0.024400604115537097,42,Woodlawn,26446,801.1797625349769,41,Woodlawn,42,22.39563745769086,22.8689628631903,9.418895516644218,9.563209543967671,8.360592649605541,5.339619010967866,5.127958437560131,4.406388300942852,4.069655570521455,2.751587454300558,4.7431210313642485,6.349817202232057,8.783913796421013,3.107562055031749,1.866461420050029,2.328266307485088,0.9139888397152204,20.96189831588168,19.09861846558108,6.581199984074532,6.4299080304176455,6.453796233626627,1.425329458135924,39.04924951228252,7.868864856689102,86.20207214701657,0.1474703168721167,3.255690841715193,0.0,0.6466006201315889,1.8793012175754369,1048,1302,179,1075,583,2198,624,3769,Weed Removal Request,Street Light Out Complaint,Garbage Cart Maintenance
37,43,40305,44015.24628876786,8631.433333333332,0.029624116114625978,43,South Shore,49155,819.957277998169,42,South Shore,43,22.35211081212228,23.373142749670865,9.38499153658078,9.99623848034606,6.286439721647545,5.040436336279857,5.788038367500469,5.256723716381418,4.353958999435772,2.0312206131277035,6.107767538085387,8.087267255971414,6.907090464547677,3.611058867782584,1.725597141245063,0.9074666165130714,1.1425615948843333,19.276533006624167,17.33496687916606,6.2275473970554645,5.324251925992067,7.145378657308388,2.5250742363519323,42.16624789750192,2.831858407079646,93.92126945376867,0.1891974366798901,0.2400569626691079,0.0,0.4414606855864103,2.3761570542162547,2310,2472,252,2187,1102,4008,1354,3027,Street Light Out Complaint,Building Violation,Weed Removal Request
38,44,35614,54122.942811586625,12073.508333333333,0.03290840680631212,44,Chatham,31359,1135.6867247042317,43,Chatham,44,20.33547179898423,18.006644518272424,7.980804724990771,7.626430417128091,7.486157253599114,6.984126984126984,4.31155407899594,6.423034330011074,3.861203396087117,4.171280915466962,7.76670358065707,7.988187523071244,8.74123292727944,4.363233665559247,1.88999630860096,1.7866371354743449,0.6127722406792174,12.8002305770832,14.901044001793377,5.930954973419586,4.995836802664446,8.473707807596234,2.174469992954589,50.72375584448857,1.3042507733027202,97.04709971618992,0.0350776491597308,0.3475876144009694,0.0637775439267833,0.2232214037437418,0.9789852992761248,1881,2924,218,1943,981,4616,1496,2198,Street Light Out Complaint,Garbage Cart Maintenance,Weed Removal Request
39,45,13574,51873.73516384355,11324.566666666668,0.04751731250920878,45,Avalon Park,9813,1383.2670946703354,44,Avalon Park,45,22.33547529359628,14.907651715039576,5.883905013192612,6.517150395778364,10.0,3.087071240105541,4.459102902374671,3.852242744063324,4.881266490765172,5.963060686015831,6.833773087071241,7.229551451187335,9.313984168865437,6.649076517150395,6.358839050131926,3.2189973614775726,0.8443271767810026,9.118758296742572,12.018788930868988,6.514857551312161,5.17716736444399,4.748289594608393,1.7052997038701112,60.71683855815378,0.8865790278202385,97.63578925914604,0.0,0.601243248751656,0.0,0.1936207072251095,0.6827677570569652,606,1310,139,719,313,1890,697,639,Street Light Out Complaint,Garbage Cart Maintenance,Tree Debris Clean-Up Request
40,46,33587,45607.106448212646,7293.85,0.02551582457498437,46,South Chicago,28095,1195.479622708667,45,South Chicago,46,21.830929164316224,17.899901864573113,9.823356231599607,7.674190382728165,10.098135426889106,6.427870461236507,5.093228655544651,5.260058881256134,6.133464180569185,4.8380765456329735,4.416094210009813,7.517173699705594,7.203140333660452,3.366045142296369,1.4327772325809618,1.9921491658488717,0.8243375858684985,16.36870709382151,16.815646453089244,9.156893592677346,8.431064073226544,7.190360411899313,2.749570938215103,39.28775743707094,18.41964762413241,75.29097704217833,0.0783057483537996,0.391528741768998,0.0213561131873998,3.872575191315181,1.9256095390638903,1394,2551,1440,1503,1004,4110,1520,3994,Street Light Out Complaint,Weed Removal Request,Garbage Cart Maintenance
41,47,4150,43200.47289305076,7237.216666666667,0.02216867469879518,47,Burnside,2601,1595.5401768550557,46,Burnside,47,21.487603305785125,15.44532130777903,13.75422773393461,16.459977452085685,5.975197294250282,3.3821871476888385,7.1025930101465615,11.724915445321308,2.705749718151071,0.0,4.284103720405862,2.029312288613303,6.087936865839909,8.342728297632469,0.0,2.367531003382187,0.3382187147688839,15.60938100730488,20.10765090349865,5.382545174932718,4.1906958861976165,12.45674740484429,1.2302960399846214,41.02268358323722,0.0,100.0,0.0,0.0,0.0,0.0,0.0,153,307,15,269,108,395,190,864,Weed Removal Request,Street Light Out Complaint,Garbage Cart Maintenance
42,48,18360,56743.342643854565,9743.683333333332,0.04177559912854031,48,Calumet Heights,13732,1337.0230119429073,47,Calumet Heights,48,16.86709836571076,5.829763456882101,6.090519649841684,6.053268765133172,6.928664555783199,3.296703296703297,6.258148631029988,5.643509033339542,4.544607934438443,5.438629167442727,10.411622276029057,6.5747811510523375,14.71409945986217,9.03333954181412,4.209349972061836,2.6820636990128515,2.2909294095734776,5.318373888969838,7.045024041964155,4.7428238379717325,5.179950458982952,9.522074894361069,1.959784350866968,66.23196852688329,3.888727060879697,94.0868045441305,0.0728226041363239,0.0364113020681619,0.0,0.9466938537722108,0.968540635013108,704,1449,214,1227,446,2737,1360,858,Street Light Out Complaint,Garbage Cart Maintenance,Tree Trim Request
43,49,60528,50006.237005572766,10152.95,0.02957309014010045,49,Roseland,42505,1424.0207034466534,48,Roseland,49,25.300673066313585,13.550097683505443,7.409991627128106,7.312308121685739,7.375104660898689,5.763326821099637,5.861010326542004,6.08428691041027,4.360870778677086,5.072564889757187,7.082054144571588,9.245046050795423,8.638012838403572,6.126151269885571,3.453809656712252,1.8001674574379012,0.8651967624895338,14.599464678329031,12.321957747825255,4.911098365357041,7.726316795717427,7.511232195774782,3.3409807857757388,49.588949431220726,1.6962710269380072,96.53452534995884,0.0141159863545465,0.4352429125985179,0.0,0.3717209740030585,0.9481237501470416,2031,5134,544,2641,3354,7076,2893,7568,Weed Removal Request,Street Light Out Complaint,Garbage Cart Maintenance
44,5,33220,57106.58381784768,4382.05,0.0390728476821192,5,North Center,34623,959.477803772059,4,North Center,5,4.236298292902067,3.5549749020147146,1.4990029567489511,2.2897613972357838,2.832978065048477,2.09722890737812,3.27305232758028,2.8604827064567147,3.3968232139173486,3.0805198377226155,5.693460771505191,10.14233651928763,13.133466272433472,11.4350546654748,7.247473011070618,9.262187994224025,18.201196451901257,2.7279564915528813,2.8205276556352694,1.750173570932655,2.930455912983106,3.778060634112474,0.4657486692895163,85.5270770654941,87.86355890592958,2.024665684660486,0.1473009271293648,4.3699275048378246,0.0,1.9466828408861163,3.647864136556624,1033,1617,7719,2021,2632,1967,2395,79,Graffiti Removal Request,Rodent Baiting/Rat Complaint,Tree Trim Request
45,50,7791,57194.9923516435,10107.05,0.03029136182774997,50,Pullman,6501,1198.4310106137516,49,Pullman,50,19.38534278959811,12.854181064270906,13.234277816171389,6.288873531444368,5.1140290255701455,6.738078783690393,4.803040774015204,2.7988942639944714,5.183137525915687,5.010366275051831,7.740152038700761,9.502418797512094,11.644782308223911,6.599861782999309,1.1748445058742223,1.0711817553559089,0.2418797512093987,11.701963209151335,12.28938012057505,6.183335909723295,3.2462513526047303,6.245169268820529,1.8704591126912968,58.46344102643376,13.074911552068912,83.52561144439316,0.0,0.5229964620827565,0.0,1.7689586217505,1.1075219197046609,351,713,43,592,200,690,419,551,Garbage Cart Maintenance,Street Light Out Complaint,Pothole in Street Complaint
46,51,20339,45612.451006813026,7026.85,0.02576331186390678,51,South Deering,15305,1328.9121202221497,50,South Deering,51,25.28258692230648,17.265193370165747,6.925808997632202,9.273875295974744,5.682715074980268,5.26835043409629,5.505130228887134,7.044198895027624,6.254932912391475,4.222573007103394,6.2154696132596685,10.16179952644041,7.320441988950275,4.89344909234412,1.75611681136543,1.2628255722178374,0.9471191791633782,13.852303256667325,13.68193434244152,15.110412161719417,3.269772623026014,5.982569949544591,3.4991153921761358,44.60389227442501,25.965370793858217,66.39660241751062,0.1894805619078732,0.0522704998366546,0.0,5.926167918980725,1.470107807905913,608,1689,855,1570,405,2461,801,1387,Street Light Out Complaint,Garbage Cart Maintenance,Tree Debris Clean-Up Request
47,52,21159,61665.587847681585,11390.266666666666,0.03544590954203885,52,East Side,23817,888.399042700592,51,East Side,52,17.002753842053835,7.577092511013215,4.933920704845815,6.505139500734214,6.035242290748899,8.267254038179148,6.0058737151248165,6.651982378854626,5.859030837004405,4.434654919236417,7.386196769456681,9.632892804698972,13.274596182085167,6.387665198237885,3.333333333333333,2.2320117474302497,1.4831130690161527,9.094729763806004,12.65024796167101,5.778767756577288,11.05740943094898,9.989913423552157,4.715474489367067,46.7134571740775,83.17168409119536,4.0601251207120965,0.5458286098165176,0.1175630851912499,0.0,10.135617416131334,1.9691816769534367,1294,1780,2085,1395,226,3800,1118,281,Street Light Out Complaint,Graffiti Removal Request,Garbage Cart Maintenance
48,53,43431,56066.256305175215,11312.608333333334,0.028021459326287676,53,West Pullman,31490,1379.1997459510956,52,West Pullman,53,24.76482326111745,13.642028568689485,6.106797047262966,9.74019748825616,7.065477902406289,4.965966829642412,7.055891093854856,4.007285974499089,4.822164701370914,3.997699165947656,9.0595340811044,9.299204294890233,10.046975361902025,4.755057041510881,2.3295944779982745,1.7447991563608476,1.3613268143035184,16.292583250854058,15.74343092493854,7.135787490820855,5.424475591456211,5.402126368889882,3.649308770473484,46.35228760256697,4.531597332486504,93.63289933312164,0.0920927278501111,0.2127659574468085,0.0,1.0384248967926326,0.4922197523023182,1270,3376,241,1864,2740,4690,2633,5977,Weed Removal Request,Street Light Out Complaint,Garbage Cart Maintenance
49,54,4151,41578.82196654427,5672.966666666666,0.01589978318477475,54,Riverdale,7090,585.4724964739069,53,Riverdale,54,40.79898002549937,34.960767218831734,15.518744551002616,9.80819529206626,6.9747166521360064,11.682650392327812,5.492589363557106,2.920662598081953,1.6564952048823016,1.5257192676547515,2.6591107236268527,2.1360069747166524,3.966870095902354,0.6974716652136007,0.0,0.0,0.0,36.44310690742333,28.05961593579822,9.085697907709946,7.366007451991975,5.431355689309258,1.2754370879908283,12.33877901977644,2.863187588152327,95.00705218617772,0.2961918194640338,0.3667136812411847,0.0,1.2976022566995769,0.1692524682651622,121,125,14,691,31,516,98,836,Weed Removal Request,Pothole in Street Complaint,Street Light Out Complaint
50,55,11881,64771.30714224212,12241.966666666667,0.022472855820217155,55,Hegewisch,8952,1327.18945487042,54,Hegewisch,55,9.041220678660896,10.031082226617688,7.205425261373269,5.057925967787511,4.492794574738626,7.68578694546482,4.238485447866629,2.458321559762645,5.199208816049731,3.4473014975981915,6.244701893190166,8.166148629556371,13.732692851087878,12.80022605255722,1.0454930771404352,7.318451539983046,0.87595365922577,9.194630872483222,8.534675615212528,3.5906040268456376,6.297539149888143,3.1767337807606264,0.5033557046979865,68.70246085011186,85.18766756032171,6.892314566577301,0.6478999106344951,0.3462913315460232,0.0,3.6639857015192137,3.261840929401251,324,827,510,856,95,2299,643,672,Street Light Out Complaint,Alley Light Out Complaint,Pothole in Street Complaint
51,56,37511,55470.78066889355,10207.974999999999,0.03430993575217936,56,Garfield Ridge,35632,1052.7334979793443,55,Garfield Ridge,56,11.396898208824814,3.8046187074264814,4.710084731683003,4.743312842664895,4.585479315500914,5.6570858946668885,5.740156172121615,4.103671706263499,4.54394417677355,3.754776540953647,7.800299052998836,9.951819239076258,12.834357866755274,10.932048513042034,6.811762751287589,6.745306529323808,3.2812759594617047,3.999094331078595,3.5773922395494298,6.31138029604053,2.7000254719384142,5.629298389607449,2.179265842130586,75.60354342965499,74.71654692411316,4.285473731477324,0.0308711270767849,1.3499101930848676,0.0,17.42815446789403,2.1890435563538397,1763,2871,2568,2991,4173,5155,2079,165,Street Light Out Complaint,Rodent Baiting/Rat Complaint,Pothole in Street Complaint
52,57,16623,35626.08577566712,3019.9083333333333,0.024604463694880587,57,Archer Heights,13293,1250.5077860528097,56,Archer Heights,57,11.921331316187594,5.981794538361508,3.849154746423928,4.109232769830949,9.232769830949286,6.918075422626788,7.906371911573472,7.360208062418725,6.840052015604682,3.2509752925877766,11.28738621586476,10.949284785435632,8.270481144343304,7.0481144343303,4.031209362808843,2.418725617685306,0.5461638491547465,5.360247977621532,10.954865048763892,6.705980192031451,4.059877523247902,13.54804566417177,4.090118696605429,55.280864897558025,59.61032122169563,1.0005265929436546,0.6394342887233883,2.986534266155119,0.0451365380275332,33.43112916572632,2.286917926728353,1003,837,5661,985,843,856,462,138,Graffiti Removal Request,Abandoned Vehicle Complaint,City Vehicle Sticker Violation
53,58,37580,32115.30106918923,2545.7083333333335,0.021075039914848322,58,Brighton Park,44202,850.1877743088548,57,Brighton Park,58,13.223501968216942,7.43142144638404,6.184538653366584,7.605985037406484,8.204488778054863,10.82294264339152,8.154613466334165,7.406483790523691,7.805486284289278,5.095594347464671,7.896924355777224,8.437240232751455,7.788861180382376,3.657522859517872,1.596009975062344,0.7813798836242727,1.1305070656691605,8.91149959027588,18.8154420467996,11.458617863971591,9.191477738322863,9.77647273058363,4.488755349176,37.35773468087044,57.924980770100895,2.2170942491289987,1.1108094656350391,6.732727025926429,0.0,30.62983575403828,1.3845527351703544,1930,2380,11904,2007,2052,2909,1336,75,Graffiti Removal Request,Street Light Out Complaint,Garbage Cart Maintenance
54,59,23442,30482.43977452185,1359.125,0.02755737565054176,59,Mckinley Park,16336,1434.9902056807052,58,Mckinley Park,59,13.813229571984436,9.40766550522648,6.349206349206349,6.620209059233449,5.400696864111499,5.013550135501355,7.878435927216415,6.233062330623306,4.045683313975998,7.413859852884243,9.543166860240031,10.665892373209443,9.62059620596206,4.858691444057298,3.116531165311653,2.9036004645760745,0.9291521486643438,10.660706631559613,16.141081378972505,8.744106300900128,5.694691078317311,8.358336905272182,4.261833323127793,46.13924438185047,48.90426052889324,3.262732615083252,1.995592556317336,19.25808031341822,0.0,23.40230166503428,3.1770323212536726,695,972,10689,1069,772,1483,740,105,Graffiti Removal Request,Street Light Out Complaint,Pothole in Street Complaint
55,6,55197,61193.885026984004,5353.691666666667,0.028715328731633967,6,Lake View,98212,562.018897894351,5,Lake View,6,3.666861978279532,6.593133980878957,3.148674694196897,2.89296414327424,2.925405034062936,3.0837929126195065,2.793733183214701,3.4444592866820605,4.301280461042307,3.137224968036181,6.896551724137931,9.871572238230636,12.285556170448258,10.751292864912314,6.411846650000955,7.419422552143962,14.043089136118162,6.2445784730939184,4.42498647807407,2.4186388268070904,2.1390156037922625,3.1728051107777406,1.0195021890212166,80.5804733184337,85.4030057426791,3.545391601840916,0.2189141856392294,6.899360566936831,0.016291288233617,1.1006801612837531,2.816356453386552,1096,1921,9440,3253,6611,2487,4213,96,Graffiti Removal Request,Rodent Baiting/Rat Complaint,Tree Trim Request
56,60,27459,40300.76881509922,5069.741666666667,0.04198987581485123,60,Bridgeport,33939,809.0692124105012,59,Bridgeport,60,11.22833059428511,8.942246330567965,7.211231652839821,6.612954690491385,7.00382897255903,5.863114231014678,6.971920867900447,4.48308870453095,4.730376515634972,3.5338225909380983,6.932035737077218,9.755902999361837,11.040204211869815,6.604977664326739,3.7970644543714105,3.836949585194639,2.680280791320996,7.657937564728511,13.36292350939488,7.788134339399319,5.672436750998668,8.504216600088771,3.3229767717117915,53.69137446367805,48.48699136686408,3.017177877957512,0.6099177936886768,34.57674062288223,0.0294646277144288,10.789946669023836,2.489761041869236,1263,1611,4883,1302,3699,1973,1867,236,Graffiti Removal Request,Rodent Baiting/Rat Complaint,Street Light Out Complaint
57,61,50498,34205.56979282353,2807.9333333333334,0.019307695354271456,61,New City,41083,1229.170216391208,60,New City,61,22.02992704616859,12.414792092706204,7.0126107702794815,11.12815269256987,9.091683708248128,9.577368779822768,8.358895705521473,5.811179277436946,5.811179277436946,2.71813224267212,6.637695978186777,6.876278118609407,7.856169052488071,3.2293796864349007,1.2610770279481935,1.6956373551465576,0.5197682344921609,15.142969248123988,18.617882191377703,10.208936191083428,9.571337485899258,9.684143410662612,3.0138800333513167,33.76085143950169,50.967553489277805,24.26794537886717,0.7618723072803836,1.9837889151230437,0.0,20.25411970888202,1.7647202005695788,2155,3049,6103,2243,2949,4346,1775,8113,Weed Removal Request,Graffiti Removal Request,Street Light Out Complaint
58,62,15048,43640.49340550509,6926.916666666667,0.027046783625730993,62,West Elsdon,19192,784.0766986244269,61,West Elsdon,62,14.769662315244364,5.863833136560409,5.5096418732782375,3.561589925226289,8.303817394726485,3.8567493112947657,5.745769382133018,9.937032664305391,7.536402990948446,5.135773317591499,9.464777646595827,10.055096418732782,11.1176702085793,7.319952774498228,4.781582054309327,1.2199921290830382,0.5903187721369539,7.569887969846089,11.318186577321748,6.8998010679510005,8.145743901162183,12.359962307611768,6.585697832687678,47.120720343419535,56.00250104210088,1.448520216756982,1.3390996248436848,1.578782826177574,0.0,38.39620675281367,1.2348895373072113,1071,1196,3093,1380,1016,1542,450,85,Graffiti Removal Request,Street Light Out Complaint,Pothole in Street Complaint
59,63,31864,36564.730169114664,3646.0666666666666,0.021403464725081596,63,Gage Park,41202,773.3605164797825,62,Gage Park,63,15.927551586700975,7.113529049476494,5.922808458222131,8.170806815848902,8.201601313898584,8.088688154383084,7.678094847053993,6.733730240197085,5.584068979675632,6.980086224594539,8.458222130979266,10.470129336891809,9.577088893451036,3.56189694107986,2.1248203654280435,1.0059536029562717,0.3284746458632724,8.27633546615675,14.53752053148979,12.372827339364076,11.88007158441813,13.461302738349143,4.586796106984384,34.88514623323773,42.09261686325906,3.562933838163196,0.2936750643172661,1.014513858550556,0.0,51.6843842531916,1.3518761225183245,1886,2441,9511,1773,1766,2109,985,211,Graffiti Removal Request,Garbage Cart Maintenance,Street Light Out Complaint
60,64,24153,47079.02851074357,10289.25,0.023723761023475346,64,Clearing,24962,967.5907379216409,63,Clearing,64,10.239291876078314,3.962485345838218,4.25556858147714,5.908558030480656,5.896834701055099,5.134818288393904,4.185228604923799,5.1582649472450175,2.942555685814772,3.2825322391559206,8.710433763188746,13.528722157092616,16.846424384525204,10.410316529894487,4.560375146541618,3.798358733880422,1.41852286049238,3.950587574700197,6.822283720370594,3.609673926122007,3.613684674928809,6.292864877872699,2.6751694541370874,73.0357357718686,68.70843682397243,0.5888951205832866,0.104158320647384,1.338033811393318,0.0,22.870763560612133,6.3897123627914425,1600,1608,644,1934,5910,2752,761,126,Rodent Baiting/Rat Complaint,Street Light Out Complaint,Pothole in Street Complaint
61,65,24779,54791.66809720427,11335.883333333333,0.032366116469591186,65,West Lawn,32749,756.6337903447434,64,West Lawn,65,13.48499634057087,4.815957681287194,3.9232973330394536,3.427374917346264,5.796782014547057,5.278818602600838,6.777606347806921,7.163323782234957,6.843729336566012,5.609433546396297,9.466607890676658,10.767026669605466,15.307471897729776,8.265373594886489,3.449415913599295,2.3473661009477627,0.760414370729557,3.964569334147831,10.852168601099573,4.691508857666463,8.472816127061698,11.539401343921808,4.752596212583995,55.72693952351864,49.92824208372775,3.2581147515954685,0.632080368866225,0.5984915569941067,0.0,43.71431188738588,1.868759351430578,2044,1748,2361,2770,1475,3003,846,110,Street Light Out Complaint,Pothole in Street Complaint,Graffiti Removal Request
62,66,44940,48696.868796296294,9804.575,0.030707610146862484,66,Chicago Lawn,55551,808.9863368796242,65,Chicago Lawn,66,21.859719125298284,14.536771728748809,7.602674307545368,8.780643107290672,7.75549188156638,6.800382043935052,7.246099968163006,6.488379496975486,6.341929321872016,4.247055078000637,7.793696275071634,6.991404011461317,8.099331423113657,3.833174148360395,1.6682585163960522,1.248010187838268,0.5666985036612544,13.345182820661636,17.99912942542078,8.584228090539755,6.968224027858387,10.474100406268136,4.920560069645966,37.70857515960534,17.4758330183075,47.21067127504456,0.196216089719357,0.9522780868031178,0.0,31.81040845349319,2.354593076632284,2692,4729,4613,2906,2760,4092,1738,1406,Garbage Cart Maintenance,Graffiti Removal Request,Street Light Out Complaint
63,67,56264,32024.511602887393,3446.9333333333334,0.016760272998720318,67,West Englewood,32156,1749.7201144420949,66,West Englewood,67,34.76233453670277,16.80008210180624,9.759852216748769,11.781609195402298,8.477011494252872,6.629720853858785,6.17816091954023,6.742610837438424,5.428981937602628,3.3661740558292284,5.818965517241379,7.461001642036125,6.568144499178982,2.134646962233169,1.4983579638752054,0.964696223316913,0.3899835796387521,19.561604314967543,18.975195208379063,8.353977860704317,9.03446329455298,7.786384019567875,2.7940669196274577,33.494308382200764,1.7290707799477545,93.30451548700088,0.0,0.0342082348550814,0.024878716258241,3.560766264460754,1.346560517477298,1713,4419,1257,1840,4097,3115,1601,17339,Weed Removal Request,Garbage Cart Maintenance,Rodent Baiting/Rat Complaint
64,68,46645,31457.523274897158,2491.6833333333334,0.016786365098081252,68,Englewood,26121,1785.7279583476895,67,Englewood,68,35.995579666465744,26.980116445127976,13.720751400637152,9.57925958475228,8.162144348017138,6.085905745358673,6.360540481160057,3.800944743491157,3.822915522355268,4.833571350104362,5.481709326595627,3.8558716906514334,3.976710974404043,1.9553993189058552,0.5822256398989344,0.4064594089860486,0.3954740195539931,23.316042267050918,23.031700288184435,9.279538904899136,9.095100864553316,7.396733909702209,3.4044188280499523,24.47646493756004,1.1906129168102293,95.2030932965813,0.3407220244247922,0.3215803376593545,0.042111710883963,1.8682286283067264,1.0336510853336396,1119,2491,788,1443,2564,3039,1180,16884,Weed Removal Request,Street Light Out Complaint,Rodent Baiting/Rat Complaint
65,69,41401,46716.607739683335,9055.4,0.03130359170068356,69,Greater Grand Crossing,32346,1279.9418784393742,68,Greater Grand Crossing,69,24.940451169959367,20.95492934191822,9.749979095242075,9.51584580650556,7.8434651726733,6.388494021239234,6.003846475457815,4.1140563592273605,3.127351785266326,3.528723137386069,6.355046408562588,8.345179362822979,6.990551049418848,3.53708504055523,1.22083786269755,1.337904507065808,0.9867045739610336,19.855300408933623,18.99339414910349,5.095942120163573,4.6649889902485056,7.782321484743631,3.139351997483485,40.46870084932369,1.5396030421072158,96.58072095467756,0.4482779941878439,0.012366289494837,0.0556483027267668,0.5008347245409015,0.862548692264886,2202,3143,293,1636,1473,4225,1639,4939,Weed Removal Request,Street Light Out Complaint,Garbage Cart Maintenance
66,7,39410,55202.02225287296,4313.133333333333,0.03877188530829739,7,Lincoln Park,66959,588.5691243895518,6,Lincoln Park,7,4.181882176954551,7.398729884703126,3.7456070041309575,2.7868549232381774,2.0346507182933595,1.4211726986867257,2.8577594179665824,1.9514150070904492,3.095135335100808,1.979160244158086,5.64461434120476,8.228004192613602,11.600591898390777,10.127011529687405,7.232258462297306,10.345890622109872,19.55114372032801,6.165448974781993,4.647654961112421,1.5617880430513005,1.6246366564537669,2.7417707596826144,0.8248880509073769,82.43381255401053,85.87792529757016,4.858196807001299,0.0627249510894726,5.666153915082363,0.0313624755447363,0.8318523275437207,2.6717842261682523,843,1331,6860,2848,3041,2605,1707,91,Graffiti Removal Request,Rodent Baiting/Rat Complaint,Pothole in Street Complaint
67,70,41367,52132.15387117544,8769.466666666667,0.036357483017864484,70,Ashburn,42752,967.6038547904192,69,Ashburn,70,13.559244939731634,4.14099664665055,3.290961553458629,4.897449894720425,4.34375731108165,4.913046868907432,5.778678936286361,3.634094985572799,3.7276768306948456,4.468533104577712,8.126023551431022,11.245418388832569,16.24424861576854,11.377992669422133,6.613117055291273,5.529127349294237,1.668876238009826,5.2711450454082,7.115927252033291,4.194626893984302,4.716287672207336,5.577027956275342,2.779029236715434,70.3459559433761,27.715662425149706,48.9778255988024,0.2689932634730539,0.6642964071856288,0.0,19.68562874251497,2.687593562874252,1836,4798,1654,4209,2514,4847,1987,1429,Street Light Out Complaint,Garbage Cart Maintenance,Pothole in Street Complaint
68,71,53821,46100.435485722344,9097.666666666666,0.03418739897066201,71,Auburn Gresham,45842,1174.05436062999,70,Auburn Gresham,71,25.98292295472597,17.411078717201168,9.043731778425656,8.787172011661808,8.227405247813412,7.440233236151604,5.160349854227405,5.877551020408163,4.11661807580175,3.498542274052478,7.556851311953353,8.997084548104956,6.431486880466472,3.591836734693877,2.0758017492711374,1.1778425655976676,0.6064139941690961,15.328019619865112,14.165279845843918,8.879302794079006,5.774283962512043,9.98948935797495,2.31234124551108,43.55128317421389,0.9510928842546136,97.20343789537978,0.1352471532655643,0.2552244666463069,0.0196326512804851,0.1243401247764059,1.3110248243968412,2362,5485,510,3121,3472,5002,2564,4976,Garbage Cart Maintenance,Street Light Out Complaint,Weed Removal Request
69,72,22363,58596.69038605873,7751.091666666667,0.04672897196261682,72,Beverly,20815,1074.3694451116983,71,Beverly,72,7.161779482963369,3.643886812600107,1.201281366791244,2.5226908702616124,1.828617191671116,2.963160704751735,3.043246129204485,4.044313934863855,3.1767218366257346,3.1366791243993597,6.873998932194341,8.222103577148959,14.815803523758674,10.264281900694074,8.662573411639082,14.6689802455953,10.93166043780032,2.4621303197884106,2.072613609040635,1.1156528011541236,1.09160855974994,3.736475114210146,2.3948064438566963,87.12671315220005,60.903194811434055,34.96516934902714,0.1489310593322123,0.4852269997597886,0.0,1.4412683161181838,2.056209464328609,403,2012,177,2063,400,2569,1413,272,Tree Debris Clean-Up Request,Street Light Out Complaint,Pothole in Street Complaint
70,73,35873,54969.29490713927,10972.825,0.03738187494773228,73,Washington Heights,27116,1322.9458622215666,72,Washington Heights,73,19.685816194885028,7.336069887380275,5.788864330070519,6.809809493737501,7.3992211346174095,6.262498684349016,7.451847173981687,5.283654352173455,4.504788969582149,5.031049363224923,8.420166298284391,8.367540258920114,13.55646774023787,7.30449426376171,3.694347963372276,1.978739080096832,0.8104410062098727,6.778523489932886,9.53392990305742,4.213273676360925,6.010439970171514,9.198359433258762,4.228187919463087,60.03728560775541,1.7037911196341644,96.0318631066529,0.7818262280572357,0.0,0.0,0.4683581649210798,1.0141613807346217,1405,3420,125,2048,1399,4329,2092,2460,Street Light Out Complaint,Garbage Cart Maintenance,Weed Removal Request
71,74,15524,61981.35220898402,10310.916666666666,0.043030146869363566,74,Mount Greenwood,18783,826.4920406750786,73,Mount Greenwood,74,7.101342069111276,4.227969645346136,1.8894223323524857,2.8341334985287285,2.632801610655103,2.5863404057611894,2.307573176397708,3.37618088895772,2.431469722781477,1.9513706055443705,5.374012699396005,11.321046925816942,15.595477776056994,17.77915440607093,11.832120179649992,10.159516803469105,3.701409323215115,2.61037527593819,2.0860927152317883,1.4293598233995584,1.7273730684326711,3.725165562913908,1.6556291390728477,86.76600441501104,91.93951977852312,3.5351115370281643,0.2023106000106479,2.039077889581004,0.0,0.8997497737315658,1.384230421125486,270,1942,66,1914,1142,1744,1134,145,Garbage Cart Maintenance,Pothole in Street Complaint,Street Light Out Complaint
72,75,29902,54105.76302626263,10014.916666666666,0.03434552872717544,75,Morgan Park,29113,1027.1012949541444,74,Morgan Park,75,12.097006332757628,6.104456157163392,5.424053665548635,4.666986104456157,5.86487781504552,5.90321034978438,5.107810253953042,5.270723526593196,4.724484906564447,3.0091039770004797,7.724005749880211,9.132726401533304,13.358888356492574,10.11020603737422,4.331576425491136,5.855294681360805,3.411595591758505,7.121381624947559,9.788840721577404,5.691511676688575,4.33505803384142,5.478254789539924,1.5627185009089637,66.02223465249615,38.77649160168997,54.583862879126166,0.1133514237625802,0.309140246625219,0.0,3.0845326829938515,3.1326211658022194,749,2547,86,2301,1023,4039,1722,2146,Street Light Out Complaint,Tree Debris Clean-Up Request,Garbage Cart Maintenance
73,76,5658,72199.01463518014,24205.4,0.02704135737009544,76,Ohare,22015,257.0065864183511,75,Ohare,76,8.419757426612762,7.027674874700371,6.733493135759424,6.286772717367619,8.44410546960122,4.96840270211375,4.521682283721944,3.1270429287426453,4.271083024624101,3.3449553279581608,9.70799738505121,11.603835258226193,15.635214643713228,5.720200479407279,3.606450207016779,3.1924166485073,1.8086729134887771,5.261954832220902,13.17545944957484,5.060802779555637,5.568254548779373,3.7030264240651,2.45039773246777,64.78010423333637,80.20894844424257,0.8993867817397229,0.0,9.370883488530549,0.0454235748353395,6.354758119464002,3.1205995911878266,246,213,80,629,36,460,139,18,Cab Feedback,Pothole in Street Complaint,Street Light Out Complaint
74,77,30905,57696.43726194874,5110.9,0.03662837728522893,77,Edgewater,54873,563.2095930603393,76,Edgewater,77,8.198489751887811,9.78204010462075,7.079337401918047,6.381865736704446,4.927637314734088,5.7227550130775935,5.13687881429817,4.969485614646905,5.356582388840454,2.7410636442894507,8.125544899738447,9.51700087183958,11.689625108979948,5.736704446381865,4.038360941586748,4.551002615518745,4.24411508282476,7.790659668147122,10.53623272000154,4.374074714964142,3.639614696891042,5.529599507796427,1.8476860664090289,66.2821326257907,67.16235671459552,14.482532392980154,0.1385016310389444,11.832777504419296,0.0291582381134619,2.6005503617443915,3.754123157108232,1322,716,5417,2737,1812,2039,1616,68,Graffiti Removal Request,Pothole in Street Complaint,Street Light Out Complaint
75,8,35757,46631.258309173136,4023.883333333333,0.035377688284811366,8,Near North Side,85711,417.18099193802425,7,Near North Side,8,6.301067977623326,9.40034223644074,3.135927386355182,2.7955509262703666,2.8327505393943904,2.0180790119782754,3.2549661483520573,2.138977754631352,2.462614388810356,2.036678818540287,6.126776281526672,8.73632914217692,12.683208094635814,9.657019566996505,5.174466185551671,8.92418718845324,18.622126329886168,7.913077665391902,4.4521486352859885,3.0749252415502104,2.0610696117326093,2.0741746786280184,0.4467636441616927,79.97784052324958,74.9810409399027,9.515698101760568,0.418849389226587,11.475773237974122,0.0,1.4245546079266374,2.18408372320939,568,373,6219,3274,1233,2794,746,202,Graffiti Removal Request,Pothole in Street Complaint,Sign Repair Request - All Other Signs
76,9,9549,78178.60152771468,14640.083333333332,0.07801864069536077,9,Edison Park,11356,840.8770693906305,8,Edison Park,9,5.009481668773704,1.8654230512991337,1.7099711303575391,2.353986231401288,2.2651565622918057,2.442815900510771,5.574061736620031,4.574727959138352,4.063957361758828,2.975793915167666,6.351321341328004,8.416611148123474,16.500111037086388,10.01554519209416,6.57339551410171,12.591605596269154,11.725516322451698,0.6780556533990842,1.2680521310320536,1.2680521310320536,2.8002817893624514,2.6153575202536103,1.0831278619232123,90.28707291299752,95.22719267347658,1.056710109193378,0.0,1.4705882352941175,0.0,1.1359633673828813,1.109545614653047,213,729,35,1445,214,973,711,11,Pothole in Street Complaint,Street Light Out Complaint,Garbage Cart Maintenance
